{"stats":{"minecraft:custom":{"minecraft:mob_kills":5,"minecraft:pot_flower":5,"minecraft:leave_game":5,"minecraft:time_since_death":216581,"minecraft:time_since_rest":215275,"minecraft:sprint_one_cm":41751,"minecraft:damage_taken":5973,"minecraft:walk_one_cm":352780,"minecraft:drop":1,"minecraft:damage_dealt":10388,"minecraft:fly_one_cm":2146058,"minecraft:crouch_one_cm":15870,"minecraft:play_time":262083,"tombstone:undead_killed":2,"minecraft:deaths":18,"minecraft:sneak_time":16002,"minecraft:walk_under_water_one_cm":551,"minecraft:jump":618,"minecraft:walk_on_water_one_cm":3402,"minecraft:total_world_time":262083,"minecraft:fall_one_cm":1173},"minecraft:mined":{"minecraft:dirt":1},"minecraft:killed":{"minecraft:zombie":2,"minecraft:warden":2},"minecraft:used":{"minecraft:cobbled_deepslate_wall":1,"minecraft:light_blue_carpet":116,"minecraft:calcite":38,"minecraft:cherry_sapling":22,"minecraft:mossy_stone_bricks":71,"minecraft:water_bucket":19,"minecraft:netherite_sword":1,"minecraft:polished_deepslate":1,"minecraft:orange_concrete":195,"connectedglass:clear_glass_pink":21,"minecraft:red_concrete":86,"chisel:chaotic_bricks/andesite":7,"minecraft:polished_andesite":11,"minecraft:decorated_pot":2,"chisel:panel/stone":94,"minecraft:cherry_planks":10,"minecraft:stone":130,"chisel:large_tile/andesite":192,"minecraft:quartz_stairs":44,"minecraft:mangrove_fence":1,"minecraft:grass":1,"minecraft:sculk_sensor":2,"minecraft:cracked_stone_bricks":90,"minecraft:white_wool":3,"minecraft:pink_concrete":1,"minecraft:dirt":74,"minecraft:light_blue_concrete":147,"minecraft:orange_wool":3,"minecraft:yellow_concrete":83,"minecraft:stone_stairs":65,"chisel:jellybean/andesite":492,"minecraft:ochre_froglight":120,"minecraft:stone_brick_wall":88,"chisel:panel/andesite":4,"minecraft:magenta_carpet":112,"minecraft:obsidian":3,"minecraft:milk_bucket":2,"minecraft:polished_diorite":6,"chisel:chaotic_bricks/stone":203,"minecraft:polished_blackstone_slab":2,"minecraft:flower_pot":5,"minecraft:sea_lantern":234,"minecraft:cherry_hanging_sign":7,"minecraft:quartz_slab":91,"minecraft:lantern":2,"chisel:road/andesite":9,"minecraft:grass_block":616,"minecraft:cherry_slab":6,"minecraft:polished_deepslate_wall":5,"minecraft:cherry_trapdoor":16,"stoneworks:stone_tile_stairs":121,"minecraft:magenta_concrete":139,"stoneworks:polished_calcite":1,"minecraft:cherry_leaves":83,"minecraft:cherry_fence_gate":63,"chisel:sunken/stone":20,"securitycraft:bucket_f_water":1,"minecraft:stone_bricks":174,"minecraft:polished_andesite_slab":77,"minecraft:pink_petals":5,"minecraft:cherry_stairs":39,"chisel:cut/andesite":7,"minecraft:andesite_stairs":62,"minecraft:andesite":17,"minecraft:polished_diorite_stairs":16,"tombstone:gift":2,"minecraft:white_concrete":191,"minecraft:cherry_fence":16,"minecraft:cherry_log":63,"minecraft:bone_meal":369,"minecraft:splash_potion":3},"minecraft:picked_up":{"minecraft:pink_petals":1214,"minecraft:andesite":1,"minecraft:ochre_froglight":1,"minecraft:dirt":1,"minecraft:wheat_seeds":32,"minecraft:netherite_sword":1,"minecraft:sculk_catalyst":2,"minecraft:stick":9,"minecraft:rotten_flesh":1,"minecraft:cherry_sapling":11},"minecraft:killed_by":{"minecraft:warden":12},"minecraft:dropped":{"minecraft:rotten_flesh":1}},"DataVersion":3465}