{"stats":{"minecraft:custom":{"minecraft:time_since_rest":97028,"minecraft:open_chest":1,"minecraft:crouch_one_cm":1114,"minecraft:play_time":97028,"minecraft:sprint_one_cm":6331,"minecraft:walk_one_cm":8692,"minecraft:sneak_time":797,"minecraft:walk_under_water_one_cm":188,"minecraft:jump":127,"minecraft:leave_game":6,"minecraft:walk_on_water_one_cm":219,"minecraft:time_since_death":97028,"minecraft:climb_one_cm":2773,"minecraft:total_world_time":97028,"minecraft:swim_one_cm":876,"minecraft:fall_one_cm":209,"minecraft:fly_one_cm":502587},"minecraft:used":{"minecraft:bamboo":5,"minecraft:oak_leaves":11,"minecraft:moss_carpet":1,"minecraft:trident":4,"minecraft:jungle_leaves":53,"minecraft:vine":2,"minecraft:grass_block":2,"minecraft:spawner":1,"minecraft:cherry_planks":2,"minecraft:calibrated_sculk_sensor":1},"minecraft:mined":{"minecraft:oak_leaves":3},"minecraft:picked_up":{"minecraft:cocoa_beans":3,"minecraft:stick":1}},"DataVersion":3465}