{"stats":{"minecraft:custom":{"minecraft:interact_with_smithing_table":1,"minecraft:mob_kills":2,"minecraft:leave_game":5,"minecraft:time_since_death":215624,"minecraft:climb_one_cm":408,"minecraft:time_since_rest":214897,"minecraft:sprint_one_cm":83920,"minecraft:damage_taken":160,"minecraft:walk_one_cm":274717,"minecraft:drop":10,"minecraft:damage_dealt":1147,"minecraft:swim_one_cm":1119,"minecraft:fly_one_cm":2549406,"minecraft:crouch_one_cm":47459,"minecraft:play_time":326946,"tombstone:undead_killed":2,"minecraft:deaths":5,"minecraft:sneak_time":18114,"minecraft:walk_under_water_one_cm":56,"minecraft:jump":792,"minecraft:walk_on_water_one_cm":2888,"minecraft:interact_with_smoker":1,"minecraft:total_world_time":326946,"minecraft:fall_one_cm":2553},"minecraft:mined":{"minecraft:grass":2},"minecraft:killed":{"minecraft:zoglin":1,"minecraft:zombie":1},"minecraft:used":{"minecraft:calcite":140,"minecraft:light_blue_carpet":15,"chisel:simple/gold_block":2,"minecraft:mossy_stone_bricks":50,"minecraft:trident":2,"minecraft:netherite_sword":11,"minecraft:polished_deepslate":6,"connectedglass:clear_glass_pink":41,"minecraft:orange_concrete":122,"decorative_blocks:soul_chandelier":2,"chisel:chaotic_bricks/andesite":58,"minecraft:blackstone_stairs":3,"minecraft:decorated_pot":1,"chisel:bismuth/glowstone":1,"variantvanillablocks:oak_smithing_table":1,"chisel:panel/stone":11,"refurbished_furniture:cherry_table":14,"securitycraft:bucket_f_lava":7,"minecraft:stone":295,"chisel:large_tile/andesite":182,"connectedglass:borderless_glass_pink":9,"minecraft:quartz_stairs":22,"minecraft:mangrove_fence":8,"minecraft:grass":1,"variantvanillablocks:birch_chest":9,"minecraft:cracked_stone_bricks":74,"minecraft:dirt":218,"minecraft:ancient_debris":2,"decorative_blocks:rocky_dirt":2,"chisel:dent/glowstone":8,"decorative_blocks:soul_brazier":1,"stoneworks:diorite_shingle_wall":44,"minecraft:deepslate_tile_slab":2,"minecraft:stone_stairs":614,"chisel:jellybean/andesite":233,"refurbished_furniture:black_sofa":45,"chisel:zag/andesite":7,"variantvanillablocks:cherry_smoker":1,"minecraft:ochre_froglight":52,"minecraft:stone_brick_wall":56,"minecraft:magenta_carpet":22,"decorative_blocks:lattice":1,"minecraft:allay_spawn_egg":1,"minecraft:milk_bucket":2,"minecraft:obsidian":10,"minecraft:warden_spawn_egg":3,"minecraft:polished_blackstone_slab":1,"minecraft:oak_log":2,"chisel:chaotic_bricks/stone":34,"minecraft:sea_lantern":69,"decorative_blocks:crimson_palisade":4,"minecraft:quartz_pillar":2,"minecraft:cherry_door":5,"chisel:array/andesite":1,"decorative_blocks:chain":31,"minecraft:lantern":13,"minecraft:grass_block":113,"minecraft:cherry_slab":7,"minecraft:polished_deepslate_wall":21,"minecraft:spawner":1,"chisel:space/gold_block":9,"minecraft:cherry_trapdoor":19,"stoneworks:polished_calcite":2,"securitycraft:ancient_debris_mine":1,"minecraft:cherry_leaves":28,"minecraft:deepslate":2,"chisel:sunken/stone":39,"minecraft:diorite_wall":1,"minecraft:cherry_fence_gate":74,"chisel:large_tile/stone":1,"minecraft:cat_spawn_egg":8,"minecraft:polished_andesite_slab":2,"minecraft:stone_bricks":133,"stoneworks:cobbled_diorite_wall":3,"minecraft:pink_petals":15,"securitycraft:sentry":3,"decorative_blocks:spruce_seat":2,"minecraft:reinforced_deepslate":7,"decorative_blocks:warped_beam":2,"minecraft:cherry_stairs":25,"minecraft:stripped_oak_wood":3,"securitycraft:admin_tool":4,"minecraft:deepslate_tile_stairs":1,"securitycraft:reinforced_glass":4,"minecraft:andesite_stairs":38,"chisel:spaceblack/gold_block":1,"tombstone:gift":2,"minecraft:skeleton_skull":12,"chisel:chaotic_bricks/deepslate":2,"decorative_blocks:brazier":3,"minecraft:stripped_cherry_log":6,"minecraft:white_concrete":130,"minecraft:cherry_fence":10,"minecraft:cherry_log":35,"minecraft:pumpkin":2,"stoneworks:cobbled_calcite":3,"securitycraft:keypad_furnace":4,"minecraft:zoglin_spawn_egg":1},"minecraft:picked_up":{"minecraft:fishing_rod":2,"minecraft:pink_petals":117,"minecraft:splash_potion":2,"minecraft:ochre_froglight":2,"minecraft:oak_log":1,"tombstone:rabbit_mask":1,"chisel:legacy/cyan_wool":1,"tombstone:grave_key":1,"minecraft:gunpowder":1,"minecraft:dirt":34,"securitycraft:sentry":3,"minecraft:lantern":2,"tombstone:gift":4,"minecraft:orange_concrete":1,"minecraft:spawner":1,"minecraft:wheat_seeds":5,"minecraft:netherite_sword":1,"minecraft:egg":1,"minecraft:sculk_catalyst":16,"minecraft:stick":3,"minecraft:milk_bucket":5,"minecraft:stone":1,"minecraft:pumpkin":1,"minecraft:polished_deepslate_stairs":1,"minecraft:porkchop":3,"tombstone:grave_dust":2,"minecraft:grass_block":3,"minecraft:warden_spawn_egg":1,"minecraft:sculk_sensor":2,"minecraft:rotten_flesh":5,"minecraft:allay_spawn_egg":1,"chisel:array/andesite":1,"minecraft:white_wool":1},"minecraft:dropped":{"minecraft:porkchop":3,"minecraft:wheat_seeds":4,"minecraft:netherite_sword":1,"minecraft:orange_concrete":1,"tombstone:rabbit_mask":1,"minecraft:polished_deepslate_stairs":1,"minecraft:grass":1,"minecraft:pink_petals":17}},"DataVersion":3465}