{"stats":{"minecraft:picked_up":{"minecraft:cocoa_beans":3,"minecraft:stick":1},"minecraft:used":{"minecraft:bamboo":5,"minecraft:oak_leaves":5,"minecraft:trident":4,"minecraft:jungle_leaves":35,"minecraft:spawner":1},"minecraft:custom":{"minecraft:time_since_rest":80146,"minecraft:open_chest":1,"minecraft:crouch_one_cm":467,"minecraft:sprint_one_cm":555,"minecraft:play_time":80146,"minecraft:walk_one_cm":2210,"minecraft:sneak_time":205,"minecraft:walk_under_water_one_cm":188,"minecraft:jump":36,"minecraft:leave_game":3,"minecraft:walk_on_water_one_cm":219,"minecraft:time_since_death":80146,"minecraft:climb_one_cm":674,"minecraft:total_world_time":80146,"minecraft:swim_one_cm":876,"minecraft:fall_one_cm":209,"minecraft:fly_one_cm":154737},"minecraft:mined":{"minecraft:oak_leaves":3}},"DataVersion":3465}