{"stats":{"minecraft:used":{"variantvanillablocks:warped_bookshelf":2,"variantvanillablocks:birch_chest":2,"minecraft:white_wool":6,"variantvanillablocks:spruce_chest":2,"chisel:noborder/glass":7,"chisel:bubble/glass":6,"chisel:streak/glass":4,"connectedglass:borderless_glass":5},"minecraft:dropped":{"connectedglass:borderless_glass":1},"minecraft:custom":{"minecraft:time_since_rest":7886,"minecraft:play_time":7886,"minecraft:sprint_one_cm":3331,"minecraft:damage_taken":40,"minecraft:walk_one_cm":4016,"minecraft:sneak_time":110,"minecraft:walk_under_water_one_cm":100,"minecraft:drop":1,"minecraft:jump":35,"minecraft:leave_game":1,"minecraft:time_since_death":7886,"minecraft:walk_on_water_one_cm":37,"minecraft:total_world_time":7886,"minecraft:swim_one_cm":1840,"minecraft:fall_one_cm":1132,"minecraft:fly_one_cm":44726},"minecraft:picked_up":{"connectedglass:borderless_glass":1}},"DataVersion":3465}