{
  "minecraft:recipes/decorations/crafting_table": {
    "criteria": {
      "unlock_right_away": "2024-09-07 03:23:12 +0000"
    },
    "done": true
  },
  "variantvanillablocks:recipes/misc/crafting_table": {
    "criteria": {
      "has_the_recipe": "2024-09-07 03:23:12 +0000"
    },
    "done": true
  },
  "tombstone:adventure/root": {
    "criteria": {
      "auto": "2024-09-07 03:23:13 +0000"
    },
    "done": true
  },
  "minecraft:adventure/adventuring_time": {
    "criteria": {
      "minecraft:taiga": "2024-09-07 03:38:14 +0000",
      "minecraft:cherry_grove": "2024-09-07 03:30:39 +0000",
      "minecraft:river": "2024-09-07 03:36:59 +0000",
      "minecraft:grove": "2024-09-07 03:37:58 +0000",
      "minecraft:forest": "2024-09-07 03:30:52 +0000",
      "minecraft:frozen_peaks": "2024-09-07 03:38:00 +0000",
      "minecraft:old_growth_birch_forest": "2024-09-07 03:37:49 +0000",
      "minecraft:meadow": "2024-09-07 03:38:18 +0000",
      "minecraft:plains": "2024-09-07 03:23:13 +0000"
    },
    "done": false
  },
  "variantvanillablocks:recipes/decorations/barrel": {
    "criteria": {
      "has_the_recipe": "2024-09-07 03:43:12 +0000"
    },
    "done": true
  },
  "variantvanillablocks:recipes/decorations/composter": {
    "criteria": {
      "has_the_recipe": "2024-09-07 03:43:12 +0000"
    },
    "done": true
  },
  "tombstone:adventure/cancel_ghostly_shape": {
    "criteria": {
      "coded_trigger": "2024-09-07 03:43:12 +0000"
    },
    "done": true
  },
  "minecraft:recipes/decorations/barrel": {
    "criteria": {
      "has_spruce_planks": "2024-09-07 03:43:12 +0000",
      "has_spruce_slab": "2024-09-07 03:43:12 +0000"
    },
    "done": true
  },
  "minecraft:recipes/decorations/composter": {
    "criteria": {
      "has_spruce_slab": "2024-09-07 03:43:12 +0000"
    },
    "done": true
  },
  "refurbished_furniture:recipes/misc/slicing/pink_dye_from_pink_petals": {
    "criteria": {
      "has_pink_petals": "2024-09-07 03:43:14 +0000"
    },
    "done": true
  },
  "minecraft:recipes/misc/pink_dye_from_pink_petals": {
    "criteria": {
      "has_pink_petals": "2024-09-07 03:43:14 +0000"
    },
    "done": true
  },
  "tombstone:recipes/from_grave_dust": {
    "criteria": {
      "has_ingredient": "2024-09-07 03:43:24 +0000"
    },
    "done": true
  },
  "minecraft:adventure/root": {
    "criteria": {
      "killed_something": "2024-09-07 04:00:56 +0000"
    },
    "done": true
  },
  "minecraft:recipes/transportation/cherry_boat": {
    "criteria": {
      "in_water": "2024-09-07 04:01:00 +0000"
    },
    "done": true
  },
  "minecraft:recipes/transportation/bamboo_raft": {
    "criteria": {
      "in_water": "2024-09-07 04:01:00 +0000"
    },
    "done": true
  },
  "minecraft:recipes/transportation/acacia_boat": {
    "criteria": {
      "in_water": "2024-09-07 04:01:00 +0000"
    },
    "done": true
  },
  "minecraft:recipes/transportation/jungle_boat": {
    "criteria": {
      "in_water": "2024-09-07 04:01:00 +0000"
    },
    "done": true
  },
  "minecraft:recipes/transportation/spruce_boat": {
    "criteria": {
      "in_water": "2024-09-07 04:01:00 +0000"
    },
    "done": true
  },
  "minecraft:recipes/transportation/birch_boat": {
    "criteria": {
      "in_water": "2024-09-07 04:01:00 +0000"
    },
    "done": true
  },
  "minecraft:recipes/transportation/oak_boat": {
    "criteria": {
      "in_water": "2024-09-07 04:01:00 +0000"
    },
    "done": true
  },
  "minecraft:recipes/transportation/mangrove_boat": {
    "criteria": {
      "in_water": "2024-09-07 04:01:00 +0000"
    },
    "done": true
  },
  "minecraft:recipes/transportation/dark_oak_boat": {
    "criteria": {
      "in_water": "2024-09-07 04:01:00 +0000"
    },
    "done": true
  },
  "refurbished_furniture:recipes/misc/slicing/brown_dye_from_rotten_flesh": {
    "criteria": {
      "has_rotten_flesh": "2024-09-07 04:58:04 +0000"
    },
    "done": true
  },
  "minecraft:recipes/building_blocks/stone_bricks": {
    "criteria": {
      "has_stone": "2024-09-07 04:07:53 +0000"
    },
    "done": true
  },
  "refurbished_furniture:recipes/misc/constructing/purple_stool": {
    "criteria": {
      "has_white_wool": "2024-09-07 04:17:33 +0000"
    },
    "done": true
  },
  "minecraft:recipes/decorations/ladder": {
    "criteria": {
      "has_stick": "2024-09-07 05:13:13 +0000"
    },
    "done": true
  },
  "securitycraft:recipes/building_blocks/reinforced_light_gray_stained_glass": {
    "criteria": {
      "has_glass": "2024-09-07 06:36:01 +0000"
    },
    "done": true
  },
  "stoneworks:recipes/building_blocks/stone_pavers_from_stone_stonecutting": {
    "criteria": {
      "has_stone": "2024-09-07 04:07:53 +0000"
    },
    "done": true
  },
  "stoneworks:recipes/building_blocks/andesite_shingle_slab_from_andesite_stonecutting": {
    "criteria": {
      "has_andesite": "2024-09-07 04:07:39 +0000"
    },
    "done": true
  },
  "securitycraft:recipes/building_blocks/reinforced_green_stained_glass_pane_from_dye": {
    "criteria": {
      "has_glass": "2024-09-07 06:36:01 +0000"
    },
    "done": true
  },
  "refurbished_furniture:recipes/misc/constructing/crimson_lattice_fence": {
    "criteria": {
      "has_stick": "2024-09-07 05:13:13 +0000"
    },
    "done": true
  },
  "securitycraft:recipes/redstone/reinforced_birch_fence_gate": {
    "criteria": {
      "has_stick": "2024-09-07 05:13:13 +0000"
    },
    "done": true
  },
  "securitycraft:recipes/redstone/reinforced_crimson_fence_gate": {
    "criteria": {
      "has_stick": "2024-09-07 05:13:13 +0000"
    },
    "done": true
  },
  "refurbished_furniture:recipes/misc/constructing/jungle_lattice_fence": {
    "criteria": {
      "has_stick": "2024-09-07 05:13:13 +0000"
    },
    "done": true
  },
  "securitycraft:recipes/misc/motion_activated_light": {
    "criteria": {
      "has_stick": "2024-09-07 05:13:13 +0000"
    },
    "done": true
  },
  "minecraft:recipes/decorations/polished_deepslate_wall": {
    "criteria": {
      "has_polished_deepslate": "2024-09-07 07:06:13 +0000"
    },
    "done": true
  },
  "securitycraft:recipes/redstone/reinforced_jungle_fence_gate": {
    "criteria": {
      "has_stick": "2024-09-07 05:13:13 +0000"
    },
    "done": true
  },
  "refurbished_furniture:recipes/misc/constructing/spruce_lattice_fence_gate": {
    "criteria": {
      "has_stick": "2024-09-07 05:13:13 +0000"
    },
    "done": true
  },
  "minecraft:recipes/decorations/orange_bed": {
    "criteria": {
      "has_orange_wool": "2024-09-07 04:17:31 +0000"
    },
    "done": true
  },
  "refurbished_furniture:recipes/misc/constructing/green_stool": {
    "criteria": {
      "has_white_wool": "2024-09-07 04:17:33 +0000"
    },
    "done": true
  },
  "securitycraft:recipes/building_blocks/reinforced_orange_stained_glass": {
    "criteria": {
      "has_glass": "2024-09-07 06:36:01 +0000"
    },
    "done": true
  },
  "minecraft:recipes/building_blocks/deepslate_bricks": {
    "criteria": {
      "has_polished_deepslate": "2024-09-07 07:06:13 +0000"
    },
    "done": true
  },
  "stoneworks:recipes/building_blocks/andesite_pillar_from_andesite_stonecutting": {
    "criteria": {
      "has_andesite": "2024-09-07 04:07:39 +0000"
    },
    "done": true
  },
  "minecraft:recipes/building_blocks/polished_diorite_stairs": {
    "criteria": {
      "has_polished_diorite": "2024-09-07 06:45:38 +0000"
    },
    "done": true
  },
  "refurbished_furniture:recipes/misc/constructing/yellow_lamp": {
    "criteria": {
      "has_white_wool": "2024-09-07 04:17:33 +0000"
    },
    "done": true
  },
  "securitycraft:recipes/building_blocks/reinforced_glass_pane": {
    "criteria": {
      "has_glass": "2024-09-07 06:36:01 +0000"
    },
    "done": true
  },
  "minecraft:recipes/decorations/orange_banner": {
    "criteria": {
      "has_orange_wool": "2024-09-07 04:17:31 +0000"
    },
    "done": true
  },
  "refurbished_furniture:recipes/misc/constructing/cherry_bath": {
    "criteria": {
      "has_cherry_planks": "2024-09-07 07:06:01 +0000"
    },
    "done": true
  },
  "securitycraft:recipes/building_blocks/reinforced_black_stained_glass": {
    "criteria": {
      "has_glass": "2024-09-07 06:36:01 +0000"
    },
    "done": true
  },
  "refurbished_furniture:recipes/misc/constructing/red_lamp": {
    "criteria": {
      "has_white_wool": "2024-09-07 04:17:33 +0000"
    },
    "done": true
  },
  "stoneworks:recipes/building_blocks/polished_calcite_slab_from_calcite_stonecutting": {
    "criteria": {
      "has_calcite": "2024-09-07 06:46:14 +0000"
    },
    "done": true
  },
  "minecraft:recipes/building_blocks/polished_deepslate_slab": {
    "criteria": {
      "has_polished_deepslate": "2024-09-07 07:06:13 +0000"
    },
    "done": true
  },
  "stoneworks:recipes/building_blocks/polished_calcite_wall_from_calcite_stonecutting": {
    "criteria": {
      "has_calcite": "2024-09-07 06:46:14 +0000"
    },
    "done": true
  },
  "stoneworks:recipes/building_blocks/mossy_cobbled_andesite_from_andesite_stonecutting": {
    "criteria": {
      "has_andesite": "2024-09-07 04:07:39 +0000"
    },
    "done": true
  },
  "minecraft:nether/explore_nether": {
    "criteria": {
      "minecraft:nether_wastes": "2024-09-07 06:26:40 +0000"
    },
    "done": false
  },
  "stoneworks:recipes/building_blocks/andesite_tiles_from_andesite_stonecutting": {
    "criteria": {
      "has_andesite": "2024-09-07 04:07:39 +0000"
    },
    "done": true
  },
  "refurbished_furniture:recipes/misc/constructing/orange_lamp": {
    "criteria": {
      "has_white_wool": "2024-09-07 04:17:33 +0000"
    },
    "done": true
  },
  "stoneworks:recipes/building_blocks/calcite_tile_stairs_from_calcite_stonecutting": {
    "criteria": {
      "has_calcite": "2024-09-07 06:46:14 +0000"
    },
    "done": true
  },
  "refurbished_furniture:recipes/misc/constructing/cherry_crate": {
    "criteria": {
      "has_cherry_planks": "2024-09-07 07:06:01 +0000"
    },
    "done": true
  },
  "stoneworks:recipes/building_blocks/calcite_shingle_slab_from_calcite_stonecutting": {
    "criteria": {
      "has_calcite": "2024-09-07 06:46:14 +0000"
    },
    "done": true
  },
  "refurbished_furniture:recipes/misc/constructing/dark_oak_lattice_fence_gate": {
    "criteria": {
      "has_stick": "2024-09-07 05:13:13 +0000"
    },
    "done": true
  },
  "minecraft:recipes/misc/white_dye": {
    "criteria": {
      "has_bone_meal": "2024-09-07 05:28:38 +0000"
    },
    "done": true
  },
  "tombstone:recipes/from_grave_key": {
    "criteria": {
      "has_ingredient": "2024-09-07 04:03:58 +0000"
    },
    "done": true
  },
  "minecraft:recipes/building_blocks/andesite_stairs": {
    "criteria": {
      "has_andesite": "2024-09-07 04:07:39 +0000"
    },
    "done": true
  },
  "minecraft:recipes/decorations/cherry_fence": {
    "criteria": {
      "has_planks": "2024-09-07 07:06:01 +0000"
    },
    "done": true
  },
  "minecraft:recipes/building_blocks/stone_brick_stairs": {
    "criteria": {
      "has_stone_bricks": "2024-09-07 05:35:03 +0000"
    },
    "done": true
  },
  "minecraft:recipes/tools/wooden_axe": {
    "criteria": {
      "has_stick": "2024-09-07 05:13:13 +0000"
    },
    "done": true
  },
  "minecraft:recipes/building_blocks/stone_bricks_from_stone_stonecutting": {
    "criteria": {
      "has_stone": "2024-09-07 04:07:53 +0000"
    },
    "done": true
  },
  "stoneworks:recipes/building_blocks/calcite_plate_stairs_from_calcite_stonecutting": {
    "criteria": {
      "has_calcite": "2024-09-07 06:46:14 +0000"
    },
    "done": true
  },
  "minecraft:recipes/building_blocks/stone_slab": {
    "criteria": {
      "has_stone": "2024-09-07 04:07:53 +0000"
    },
    "done": true
  },
  "refurbished_furniture:recipes/misc/constructing/white_lamp": {
    "criteria": {
      "has_white_wool": "2024-09-07 04:17:33 +0000"
    },
    "done": true
  },
  "securitycraft:recipes/building_blocks/reinforced_purple_stained_glass_pane_from_glass": {
    "criteria": {
      "has_glass": "2024-09-07 06:36:01 +0000"
    },
    "done": true
  },
  "refurbished_furniture:recipes/misc/constructing/cherry_drawer": {
    "criteria": {
      "has_cherry_planks": "2024-09-07 07:06:01 +0000"
    },
    "done": true
  },
  "refurbished_furniture:recipes/misc/constructing/cherry_mail_box": {
    "criteria": {
      "has_cherry_planks": "2024-09-07 07:06:01 +0000"
    },
    "done": true
  },
  "stoneworks:recipes/building_blocks/calcite_shingle_wall_from_calcite_stonecutting": {
    "criteria": {
      "has_calcite": "2024-09-07 06:46:14 +0000"
    },
    "done": true
  },
  "securitycraft:recipes/building_blocks/reinforced_blue_stained_glass_pane_from_dye": {
    "criteria": {
      "has_glass": "2024-09-07 06:36:01 +0000"
    },
    "done": true
  },
  "stoneworks:recipes/building_blocks/calcite_paver_stairs_from_calcite_stonecutting": {
    "criteria": {
      "has_calcite": "2024-09-07 06:46:14 +0000"
    },
    "done": true
  },
  "securitycraft:recipes/redstone/reinforced_spruce_fence_gate": {
    "criteria": {
      "has_stick": "2024-09-07 05:13:13 +0000"
    },
    "done": true
  },
  "refurbished_furniture:recipes/misc/constructing/yellow_sofa": {
    "criteria": {
      "has_white_wool": "2024-09-07 04:17:33 +0000"
    },
    "done": true
  },
  "stoneworks:recipes/building_blocks/cobbled_andesite_from_andesite_stonecutting": {
    "criteria": {
      "has_andesite": "2024-09-07 04:07:39 +0000"
    },
    "done": true
  },
  "stoneworks:recipes/building_blocks/stone_tile_stairs_from_stone_stonecutting": {
    "criteria": {
      "has_stone": "2024-09-07 04:07:53 +0000"
    },
    "done": true
  },
  "refurbished_furniture:recipes/misc/constructing/orange_sofa": {
    "criteria": {
      "has_white_wool": "2024-09-07 04:17:33 +0000"
    },
    "done": true
  },
  "stoneworks:recipes/building_blocks/cobbled_calcite_stairs_from_calcite_stonecutting": {
    "criteria": {
      "has_calcite": "2024-09-07 06:46:14 +0000"
    },
    "done": true
  },
  "minecraft:recipes/decorations/chest": {
    "criteria": {
      "has_lots_of_items": "2024-09-07 05:09:14 +0000"
    },
    "done": true
  },
  "minecraft:recipes/misc/stick": {
    "criteria": {
      "has_planks": "2024-09-07 07:06:01 +0000"
    },
    "done": true
  },
  "securitycraft:recipes/building_blocks/reinforced_light_blue_stained_glass_pane_from_dye": {
    "criteria": {
      "has_glass": "2024-09-07 06:36:01 +0000"
    },
    "done": true
  },
  "minecraft:recipes/building_blocks/stone_stairs_from_stone_stonecutting": {
    "criteria": {
      "has_stone": "2024-09-07 04:07:53 +0000"
    },
    "done": true
  },
  "stoneworks:recipes/building_blocks/andesite_pavers_from_andesite_stonecutting": {
    "criteria": {
      "has_andesite": "2024-09-07 04:07:39 +0000"
    },
    "done": true
  },
  "minecraft:recipes/decorations/mossy_stone_brick_wall": {
    "criteria": {
      "has_mossy_stone_bricks": "2024-09-07 05:35:03 +0000"
    },
    "done": true
  },
  "securitycraft:recipes/building_blocks/reinforced_lime_stained_glass_pane_from_glass": {
    "criteria": {
      "has_glass": "2024-09-07 06:36:01 +0000"
    },
    "done": true
  },
  "minecraft:adventure/kill_all_mobs": {
    "criteria": {
      "minecraft:zombie": "2024-09-07 04:58:03 +0000"
    },
    "done": false
  },
  "stoneworks:recipes/building_blocks/cracked_andesite_tiles_from_andesite_stonecutting": {
    "criteria": {
      "has_andesite": "2024-09-07 04:07:39 +0000"
    },
    "done": true
  },
  "stoneworks:recipes/building_blocks/cobbled_andesite_stairs_from_andesite_stonecutting": {
    "criteria": {
      "has_andesite": "2024-09-07 04:07:39 +0000"
    },
    "done": true
  },
  "minecraft:recipes/building_blocks/cherry_planks": {
    "criteria": {
      "has_log": "2024-09-07 05:08:17 +0000"
    },
    "done": true
  },
  "minecraft:recipes/redstone/stone_button": {
    "criteria": {
      "has_stone": "2024-09-07 04:07:53 +0000"
    },
    "done": true
  },
  "stoneworks:recipes/building_blocks/stone_paver_stairs_from_stone_stonecutting": {
    "criteria": {
      "has_stone": "2024-09-07 04:07:53 +0000"
    },
    "done": true
  },
  "refurbished_furniture:recipes/misc/constructing/oak_lattice_fence_gate": {
    "criteria": {
      "has_stick": "2024-09-07 05:13:13 +0000"
    },
    "done": true
  },
  "securitycraft:recipes/building_blocks/reinforced_light_blue_stained_glass_pane_from_glass": {
    "criteria": {
      "has_glass": "2024-09-07 06:36:01 +0000"
    },
    "done": true
  },
  "minecraft:recipes/building_blocks/mossy_stone_brick_slab": {
    "criteria": {
      "has_mossy_stone_bricks": "2024-09-07 05:35:03 +0000"
    },
    "done": true
  },
  "minecraft:recipes/redstone/stone_pressure_plate": {
    "criteria": {
      "has_stone": "2024-09-07 04:07:53 +0000"
    },
    "done": true
  },
  "refurbished_furniture:recipes/misc/constructing/magenta_stool": {
    "criteria": {
      "has_white_wool": "2024-09-07 04:17:33 +0000"
    },
    "done": true
  },
  "stoneworks:recipes/building_blocks/calcite_paver_wall_from_calcite_stonecutting": {
    "criteria": {
      "has_calcite": "2024-09-07 06:46:14 +0000"
    },
    "done": true
  },
  "stoneworks:recipes/building_blocks/andesite_brick_stairs_from_andesite_stonecutting": {
    "criteria": {
      "has_andesite": "2024-09-07 04:07:39 +0000"
    },
    "done": true
  },
  "stoneworks:recipes/building_blocks/polished_calcite_from_calcite_stonecutting": {
    "criteria": {
      "has_calcite": "2024-09-07 06:46:14 +0000"
    },
    "done": true
  },
  "refurbished_furniture:recipes/misc/constructing/birch_lattice_fence": {
    "criteria": {
      "has_stick": "2024-09-07 05:13:13 +0000"
    },
    "done": true
  },
  "stoneworks:recipes/building_blocks/mossy_andesite_brick_stairs_from_andesite_stonecutting": {
    "criteria": {
      "has_andesite": "2024-09-07 04:07:39 +0000"
    },
    "done": true
  },
  "tombstone:adventure/first_knowledge": {
    "criteria": {
      "coded_trigger": "2024-09-07 04:04:54 +0000"
    },
    "done": true
  },
  "securitycraft:recipes/misc/reinforced_acacia_fence": {
    "criteria": {
      "has_stick": "2024-09-07 05:13:13 +0000"
    },
    "done": true
  },
  "refurbished_furniture:recipes/misc/constructing/brown_cooler": {
    "criteria": {
      "has_planks": "2024-09-07 07:06:01 +0000"
    },
    "done": true
  },
  "securitycraft:recipes/building_blocks/reinforced_cyan_stained_glass": {
    "criteria": {
      "has_glass": "2024-09-07 06:36:01 +0000"
    },
    "done": true
  },
  "minecraft:recipes/building_blocks/polished_andesite_stairs_from_polished_andesite_stonecutting": {
    "criteria": {
      "has_polished_andesite": "2024-09-07 06:01:24 +0000"
    },
    "done": true
  },
  "refurbished_furniture:recipes/misc/constructing/purple_cooler": {
    "criteria": {
      "has_planks": "2024-09-07 07:06:01 +0000"
    },
    "done": true
  },
  "refurbished_furniture:recipes/misc/constructing/cyan_cooler": {
    "criteria": {
      "has_planks": "2024-09-07 07:06:01 +0000"
    },
    "done": true
  },
  "securitycraft:recipes/building_blocks/reinforced_purple_stained_glass_pane_from_dye": {
    "criteria": {
      "has_glass": "2024-09-07 06:36:01 +0000"
    },
    "done": true
  },
  "stoneworks:recipes/building_blocks/stone_shingle_wall_from_stone_stonecutting": {
    "criteria": {
      "has_stone": "2024-09-07 04:07:53 +0000"
    },
    "done": true
  },
  "refurbished_furniture:recipes/misc/constructing/light_gray_cooler": {
    "criteria": {
      "has_planks": "2024-09-07 07:06:01 +0000"
    },
    "done": true
  },
  "variantvanillablocks:recipes/misc/cherry_crafting_table": {
    "criteria": {
      "has_cherry_planks": "2024-09-07 07:06:01 +0000"
    },
    "done": true
  },
  "stoneworks:recipes/building_blocks/calcite_brick_stairs_from_calcite_stonecutting": {
    "criteria": {
      "has_calcite": "2024-09-07 06:46:14 +0000"
    },
    "done": true
  },
  "refurbished_furniture:recipes/misc/constructing/red_sofa": {
    "criteria": {
      "has_white_wool": "2024-09-07 04:17:33 +0000"
    },
    "done": true
  },
  "minecraft:recipes/building_blocks/stripped_cherry_wood": {
    "criteria": {
      "has_log": "2024-09-07 06:57:57 +0000"
    },
    "done": true
  },
  "securitycraft:recipes/building_blocks/reinforced_white_stained_glass": {
    "criteria": {
      "has_glass": "2024-09-07 06:36:01 +0000"
    },
    "done": true
  },
  "refurbished_furniture:recipes/misc/constructing/cherry_kitchen_cabinetry": {
    "criteria": {
      "has_cherry_planks": "2024-09-07 07:06:01 +0000"
    },
    "done": true
  },
  "refurbished_furniture:recipes/misc/constructing/lime_stool": {
    "criteria": {
      "has_white_wool": "2024-09-07 04:17:33 +0000"
    },
    "done": true
  },
  "securitycraft:recipes/redstone/reinforced_bamboo_fence_gate": {
    "criteria": {
      "has_stick": "2024-09-07 05:13:13 +0000"
    },
    "done": true
  },
  "securitycraft:recipes/building_blocks/reinforced_red_stained_glass_pane_from_dye": {
    "criteria": {
      "has_glass": "2024-09-07 06:36:01 +0000"
    },
    "done": true
  },
  "stoneworks:recipes/building_blocks/polished_calcite_slab_from_polished_calcite_stonecutting": {
    "criteria": {
      "has_polished_calcite": "2024-09-07 06:52:17 +0000"
    },
    "done": true
  },
  "stoneworks:recipes/building_blocks/calcite_shingle_stairs_from_calcite_stonecutting": {
    "criteria": {
      "has_calcite": "2024-09-07 06:46:14 +0000"
    },
    "done": true
  },
  "refurbished_furniture:recipes/misc/constructing/magenta_lamp": {
    "criteria": {
      "has_white_wool": "2024-09-07 04:17:33 +0000"
    },
    "done": true
  },
  "minecraft:recipes/building_blocks/chiseled_polished_blackstone": {
    "criteria": {
      "has_polished_blackstone_slab": "2024-09-07 06:38:21 +0000"
    },
    "done": true
  },
  "refurbished_furniture:recipes/misc/constructing/cherry_desk": {
    "criteria": {
      "has_cherry_planks": "2024-09-07 07:06:01 +0000"
    },
    "done": true
  },
  "stoneworks:recipes/building_blocks/mossy_calcite_bricks_from_calcite_stonecutting": {
    "criteria": {
      "has_calcite": "2024-09-07 06:46:14 +0000"
    },
    "done": true
  },
  "decorative_blocks:recipes/building_blocks/lattice": {
    "criteria": {
      "has_stick": "2024-09-07 05:13:13 +0000"
    },
    "done": true
  },
  "stoneworks:recipes/building_blocks/stone_tile_slab_from_stone_stonecutting": {
    "criteria": {
      "has_stone": "2024-09-07 04:07:53 +0000"
    },
    "done": true
  },
  "securitycraft:recipes/building_blocks/reinforced_magenta_stained_glass": {
    "criteria": {
      "has_glass": "2024-09-07 06:36:01 +0000"
    },
    "done": true
  },
  "refurbished_furniture:recipes/misc/constructing/light_gray_sofa": {
    "criteria": {
      "has_white_wool": "2024-09-07 04:17:33 +0000"
    },
    "done": true
  },
  "securitycraft:recipes/building_blocks/reinforced_black_stained_glass_pane_from_dye": {
    "criteria": {
      "has_glass": "2024-09-07 06:36:01 +0000"
    },
    "done": true
  },
  "minecraft:recipes/decorations/cherry_sign": {
    "criteria": {
      "has_planks": "2024-09-07 07:06:01 +0000"
    },
    "done": true
  },
  "stoneworks:recipes/building_blocks/stone_tile_wall_from_stone_stonecutting": {
    "criteria": {
      "has_stone": "2024-09-07 04:07:53 +0000"
    },
    "done": true
  },
  "minecraft:recipes/decorations/campfire": {
    "criteria": {
      "has_stick": "2024-09-07 05:13:13 +0000"
    },
    "done": true
  },
  "stoneworks:recipes/building_blocks/cobbled_andesite_slab_from_andesite_stonecutting": {
    "criteria": {
      "has_andesite": "2024-09-07 04:07:39 +0000"
    },
    "done": true
  },
  "refurbished_furniture:recipes/misc/constructing/dark_oak_lattice_fence": {
    "criteria": {
      "has_stick": "2024-09-07 05:13:13 +0000"
    },
    "done": true
  },
  "securitycraft:recipes/building_blocks/reinforced_yellow_stained_glass_pane_from_glass": {
    "criteria": {
      "has_glass": "2024-09-07 06:36:01 +0000"
    },
    "done": true
  },
  "securitycraft:recipes/building_blocks/reinforced_green_stained_glass_pane_from_glass": {
    "criteria": {
      "has_glass": "2024-09-07 06:36:01 +0000"
    },
    "done": true
  },
  "minecraft:recipes/tools/wooden_hoe": {
    "criteria": {
      "has_stick": "2024-09-07 05:13:13 +0000"
    },
    "done": true
  },
  "minecraft:recipes/building_blocks/polished_deepslate_slab_from_polished_deepslate_stonecutting": {
    "criteria": {
      "has_polished_deepslate": "2024-09-07 07:06:13 +0000"
    },
    "done": true
  },
  "tombstone:adventure/first_grave": {
    "criteria": {
      "coded_trigger": "2024-09-07 04:03:55 +0000"
    },
    "done": true
  },
  "refurbished_furniture:recipes/misc/constructing/stone_stepping_stones": {
    "criteria": {
      "has_stone": "2024-09-07 04:07:53 +0000"
    },
    "done": true
  },
  "minecraft:recipes/misc/charcoal": {
    "criteria": {
      "has_log": "2024-09-07 05:08:17 +0000"
    },
    "done": true
  },
  "minecraft:recipes/building_blocks/stone_brick_slab": {
    "criteria": {
      "has_stone_bricks": "2024-09-07 05:35:03 +0000"
    },
    "done": true
  },
  "minecraft:recipes/redstone/cherry_pressure_plate": {
    "criteria": {
      "has_planks": "2024-09-07 07:06:01 +0000"
    },
    "done": true
  },
  "minecraft:recipes/building_blocks/polished_andesite_from_andesite_stonecutting": {
    "criteria": {
      "has_andesite": "2024-09-07 04:07:39 +0000"
    },
    "done": true
  },
  "stoneworks:recipes/building_blocks/stone_paver_slab_from_stone_stonecutting": {
    "criteria": {
      "has_stone": "2024-09-07 04:07:53 +0000"
    },
    "done": true
  },
  "refurbished_furniture:recipes/misc/constructing/acacia_lattice_fence": {
    "criteria": {
      "has_stick": "2024-09-07 05:13:13 +0000"
    },
    "done": true
  },
  "securitycraft:recipes/misc/sonic_security_system": {
    "criteria": {
      "has_stick": "2024-09-07 05:13:13 +0000"
    },
    "done": true
  },
  "stoneworks:recipes/building_blocks/andesite_tile_stairs_from_andesite_stonecutting": {
    "criteria": {
      "has_andesite": "2024-09-07 04:07:39 +0000"
    },
    "done": true
  },
  "securitycraft:recipes/building_blocks/reinforced_blue_stained_glass_pane_from_glass": {
    "criteria": {
      "has_glass": "2024-09-07 06:36:01 +0000"
    },
    "done": true
  },
  "refurbished_furniture:recipes/misc/constructing/cherry_cutting_board": {
    "criteria": {
      "has_cherry_planks": "2024-09-07 07:06:01 +0000"
    },
    "done": true
  },
  "minecraft:recipes/building_blocks/chiseled_stone_bricks_from_stone_bricks_stonecutting": {
    "criteria": {
      "has_stone_bricks": "2024-09-07 05:35:09 +0000"
    },
    "done": true
  },
  "stoneworks:recipes/building_blocks/chiseled_calcite_from_calcite_stonecutting": {
    "criteria": {
      "has_calcite": "2024-09-07 06:46:14 +0000"
    },
    "done": true
  },
  "securitycraft:recipes/building_blocks/reinforced_gray_stained_glass_pane_from_glass": {
    "criteria": {
      "has_glass": "2024-09-07 06:36:01 +0000"
    },
    "done": true
  },
  "stoneworks:recipes/building_blocks/chiseled_andesite_from_andesite_stonecutting": {
    "criteria": {
      "has_andesite": "2024-09-07 04:07:39 +0000"
    },
    "done": true
  },
  "minecraft:story/form_obsidian": {
    "criteria": {
      "obsidian": "2024-09-07 06:38:09 +0000"
    },
    "done": true
  },
  "stoneworks:recipes/building_blocks/calcite_plates_from_calcite_stonecutting": {
    "criteria": {
      "has_calcite": "2024-09-07 06:46:14 +0000"
    },
    "done": true
  },
  "stoneworks:recipes/building_blocks/mossy_calcite_brick_wall_from_calcite_stonecutting": {
    "criteria": {
      "has_calcite": "2024-09-07 06:46:14 +0000"
    },
    "done": true
  },
  "minecraft:recipes/building_blocks/polished_andesite_slab": {
    "criteria": {
      "has_polished_andesite": "2024-09-07 06:01:24 +0000"
    },
    "done": true
  },
  "stoneworks:recipes/building_blocks/cracked_calcite_tiles_from_calcite_stonecutting": {
    "criteria": {
      "has_calcite": "2024-09-07 06:46:14 +0000"
    },
    "done": true
  },
  "stoneworks:recipes/building_blocks/andesite_brick_wall_from_andesite_stonecutting": {
    "criteria": {
      "has_andesite": "2024-09-07 04:07:39 +0000"
    },
    "done": true
  },
  "minecraft:recipes/tools/wooden_shovel": {
    "criteria": {
      "has_stick": "2024-09-07 05:13:13 +0000"
    },
    "done": true
  },
  "stoneworks:recipes/building_blocks/calcite_plate_wall_from_calcite_stonecutting": {
    "criteria": {
      "has_calcite": "2024-09-07 06:46:14 +0000"
    },
    "done": true
  },
  "securitycraft:recipes/redstone/reinforced_dark_oak_fence_gate": {
    "criteria": {
      "has_stick": "2024-09-07 05:13:13 +0000"
    },
    "done": true
  },
  "securitycraft:recipes/building_blocks/reinforced_green_stained_glass": {
    "criteria": {
      "has_glass": "2024-09-07 06:36:01 +0000"
    },
    "done": true
  },
  "refurbished_furniture:recipes/misc/constructing/post_box": {
    "criteria": {
      "has_planks": "2024-09-07 07:06:01 +0000"
    },
    "done": true
  },
  "securitycraft:recipes/building_blocks/reinforced_blue_stained_glass": {
    "criteria": {
      "has_glass": "2024-09-07 06:36:01 +0000"
    },
    "done": true
  },
  "minecraft:recipes/brewing/cauldron": {
    "criteria": {
      "has_water_bucket": "2024-09-07 06:12:57 +0000"
    },
    "done": true
  },
  "refurbished_furniture:recipes/misc/constructing/green_lamp": {
    "criteria": {
      "has_white_wool": "2024-09-07 04:17:33 +0000"
    },
    "done": true
  },
  "securitycraft:recipes/building_blocks/reinforced_light_gray_stained_glass_pane_from_glass": {
    "criteria": {
      "has_glass": "2024-09-07 06:36:01 +0000"
    },
    "done": true
  },
  "securitycraft:recipes/building_blocks/reinforced_yellow_stained_glass": {
    "criteria": {
      "has_glass": "2024-09-07 06:36:01 +0000"
    },
    "done": true
  },
  "stoneworks:recipes/building_blocks/andesite_shingle_stairs_from_andesite_stonecutting": {
    "criteria": {
      "has_andesite": "2024-09-07 04:07:39 +0000"
    },
    "done": true
  },
  "refurbished_furniture:recipes/misc/constructing/magenta_sofa": {
    "criteria": {
      "has_white_wool": "2024-09-07 04:17:33 +0000"
    },
    "done": true
  },
  "minecraft:recipes/combat/wooden_sword": {
    "criteria": {
      "has_stick": "2024-09-07 05:13:13 +0000"
    },
    "done": true
  },
  "stoneworks:recipes/building_blocks/cobbled_calcite_from_calcite_stonecutting": {
    "criteria": {
      "has_calcite": "2024-09-07 06:46:14 +0000"
    },
    "done": true
  },
  "stoneworks:recipes/building_blocks/mossy_cobbled_calcite_wall_from_calcite_stonecutting": {
    "criteria": {
      "has_calcite": "2024-09-07 06:46:14 +0000"
    },
    "done": true
  },
  "securitycraft:recipes/building_blocks/reinforced_purple_stained_glass": {
    "criteria": {
      "has_glass": "2024-09-07 06:36:01 +0000"
    },
    "done": true
  },
  "decorative_blocks:recipes/building_blocks/cherry_beam": {
    "criteria": {
      "has_stripped_log": "2024-09-07 06:57:57 +0000"
    },
    "done": true
  },
  "minecraft:recipes/building_blocks/deepslate_tile_slab_from_polished_deepslate_stonecutting": {
    "criteria": {
      "has_polished_deepslate": "2024-09-07 07:06:13 +0000"
    },
    "done": true
  },
  "minecraft:recipes/building_blocks/polished_andesite_stairs_from_andesite_stonecutting": {
    "criteria": {
      "has_andesite": "2024-09-07 04:07:39 +0000"
    },
    "done": true
  },
  "minecraft:recipes/decorations/white_bed": {
    "criteria": {
      "has_white_wool": "2024-09-07 04:17:33 +0000"
    },
    "done": true
  },
  "minecraft:recipes/decorations/deepslate_brick_wall_from_polished_deepslate_stonecutting": {
    "criteria": {
      "has_polished_deepslate": "2024-09-07 07:06:13 +0000"
    },
    "done": true
  },
  "securitycraft:recipes/misc/reinforced_birch_fence": {
    "criteria": {
      "has_stick": "2024-09-07 05:13:13 +0000"
    },
    "done": true
  },
  "refurbished_furniture:recipes/misc/constructing/cyan_stool": {
    "criteria": {
      "has_white_wool": "2024-09-07 04:17:33 +0000"
    },
    "done": true
  },
  "securitycraft:recipes/misc/reinforced_dark_oak_fence": {
    "criteria": {
      "has_stick": "2024-09-07 05:13:13 +0000"
    },
    "done": true
  },
  "securitycraft:recipes/misc/reinforced_oak_fence": {
    "criteria": {
      "has_stick": "2024-09-07 05:13:13 +0000"
    },
    "done": true
  },
  "refurbished_furniture:recipes/baking/sea_salt": {
    "criteria": {
      "has_ingredient": "2024-09-07 06:12:57 +0000"
    },
    "done": true
  },
  "minecraft:recipes/building_blocks/mossy_stone_brick_stairs_from_mossy_stone_brick_stonecutting": {
    "criteria": {
      "has_mossy_stone_bricks": "2024-09-07 05:35:03 +0000"
    },
    "done": true
  },
  "stoneworks:recipes/building_blocks/mossy_cobbled_andesite_stairs_from_andesite_stonecutting": {
    "criteria": {
      "has_andesite": "2024-09-07 04:07:39 +0000"
    },
    "done": true
  },
  "minecraft:recipes/decorations/orange_carpet": {
    "criteria": {
      "has_orange_wool": "2024-09-07 04:17:31 +0000"
    },
    "done": true
  },
  "refurbished_furniture:recipes/misc/constructing/green_sofa": {
    "criteria": {
      "has_white_wool": "2024-09-07 04:17:33 +0000"
    },
    "done": true
  },
  "minecraft:recipes/redstone/cherry_door": {
    "criteria": {
      "has_planks": "2024-09-07 07:06:01 +0000"
    },
    "done": true
  },
  "securitycraft:recipes/redstone/reinforced_oak_fence_gate": {
    "criteria": {
      "has_stick": "2024-09-07 05:13:13 +0000"
    },
    "done": true
  },
  "securitycraft:recipes/misc/sc_manual": {
    "criteria": {
      "has_wood": "2024-09-07 05:08:17 +0000"
    },
    "done": true
  },
  "refurbished_furniture:recipes/misc/constructing/cherry_light_ceiling_fan": {
    "criteria": {
      "has_cherry_planks": "2024-09-07 07:06:01 +0000"
    },
    "done": true
  },
  "securitycraft:recipes/misc/reinforced_bamboo_fence": {
    "criteria": {
      "has_stick": "2024-09-07 05:13:13 +0000"
    },
    "done": true
  },
  "refurbished_furniture:recipes/misc/constructing/mangrove_lattice_fence_gate": {
    "criteria": {
      "has_stick": "2024-09-07 05:13:13 +0000"
    },
    "done": true
  },
  "stoneworks:recipes/building_blocks/andesite_paver_slab_from_andesite_stonecutting": {
    "criteria": {
      "has_andesite": "2024-09-07 04:07:39 +0000"
    },
    "done": true
  },
  "securitycraft:recipes/misc/reinforced_crimson_fence": {
    "criteria": {
      "has_stick": "2024-09-07 05:13:13 +0000"
    },
    "done": true
  },
  "stoneworks:recipes/building_blocks/calcite_tile_wall_from_calcite_stonecutting": {
    "criteria": {
      "has_calcite": "2024-09-07 06:46:14 +0000"
    },
    "done": true
  },
  "refurbished_furniture:recipes/misc/constructing/light_gray_lamp": {
    "criteria": {
      "has_white_wool": "2024-09-07 04:17:33 +0000"
    },
    "done": true
  },
  "minecraft:recipes/building_blocks/polished_deepslate_stairs": {
    "criteria": {
      "has_polished_deepslate": "2024-09-07 07:06:13 +0000"
    },
    "done": true
  },
  "minecraft:recipes/decorations/cherry_hanging_sign": {
    "criteria": {
      "has_stripped_logs": "2024-09-07 06:57:57 +0000"
    },
    "done": true
  },
  "stoneworks:recipes/building_blocks/andesite_tile_wall_from_andesite_stonecutting": {
    "criteria": {
      "has_andesite": "2024-09-07 04:07:39 +0000"
    },
    "done": true
  },
  "minecraft:recipes/building_blocks/mossy_stone_brick_slab_from_mossy_stone_brick_stonecutting": {
    "criteria": {
      "has_mossy_stone_bricks": "2024-09-07 05:35:03 +0000"
    },
    "done": true
  },
  "variantvanillablocks:recipes/misc/cherry_chest": {
    "criteria": {
      "has_planks": "2024-09-07 07:06:01 +0000"
    },
    "done": true
  },
  "refurbished_furniture:recipes/misc/constructing/jungle_lattice_fence_gate": {
    "criteria": {
      "has_stick": "2024-09-07 05:13:13 +0000"
    },
    "done": true
  },
  "stoneworks:recipes/building_blocks/andesite_bricks_from_andesite_stonecutting": {
    "criteria": {
      "has_andesite": "2024-09-07 04:07:39 +0000"
    },
    "done": true
  },
  "minecraft:recipes/building_blocks/stone_stairs": {
    "criteria": {
      "has_stone": "2024-09-07 04:07:53 +0000"
    },
    "done": true
  },
  "minecraft:recipes/building_blocks/bone_block": {
    "criteria": {
      "has_bone_meal": "2024-09-07 05:28:38 +0000"
    },
    "done": true
  },
  "stoneworks:recipes/building_blocks/calcite_tile_slab_from_calcite_stonecutting": {
    "criteria": {
      "has_calcite": "2024-09-07 06:46:14 +0000"
    },
    "done": true
  },
  "securitycraft:recipes/building_blocks/reinforced_red_stained_glass_pane_from_glass": {
    "criteria": {
      "has_glass": "2024-09-07 06:36:01 +0000"
    },
    "done": true
  },
  "securitycraft:recipes/building_blocks/reinforced_brown_stained_glass_pane_from_dye": {
    "criteria": {
      "has_glass": "2024-09-07 06:36:01 +0000"
    },
    "done": true
  },
  "decorative_blocks:recipes/building_blocks/cherry_support": {
    "criteria": {
      "has_plank": "2024-09-07 07:06:01 +0000"
    },
    "done": true
  },
  "stoneworks:recipes/building_blocks/cobbled_calcite_slab_from_calcite_stonecutting": {
    "criteria": {
      "has_calcite": "2024-09-07 06:46:14 +0000"
    },
    "done": true
  },
  "decorative_blocks:recipes/building_blocks/cherry_palisade": {
    "criteria": {
      "has_log": "2024-09-07 05:08:17 +0000"
    },
    "done": true
  },
  "refurbished_furniture:recipes/misc/constructing/blue_stool": {
    "criteria": {
      "has_white_wool": "2024-09-07 04:17:33 +0000"
    },
    "done": true
  },
  "stoneworks:recipes/building_blocks/calcite_bricks_from_calcite_stonecutting": {
    "criteria": {
      "has_calcite": "2024-09-07 06:46:14 +0000"
    },
    "done": true
  },
  "stoneworks:recipes/building_blocks/stone_plates_from_stone_stonecutting": {
    "criteria": {
      "has_stone": "2024-09-07 04:07:53 +0000"
    },
    "done": true
  },
  "refurbished_furniture:recipes/misc/constructing/brown_stool": {
    "criteria": {
      "has_white_wool": "2024-09-07 04:17:33 +0000"
    },
    "done": true
  },
  "minecraft:recipes/building_blocks/cherry_slab": {
    "criteria": {
      "has_planks": "2024-09-07 07:06:01 +0000"
    },
    "done": true
  },
  "minecraft:recipes/decorations/stone_brick_wall": {
    "criteria": {
      "has_stone_bricks": "2024-09-07 05:35:09 +0000"
    },
    "done": true
  },
  "refurbished_furniture:recipes/misc/constructing/orange_stool": {
    "criteria": {
      "has_white_wool": "2024-09-07 04:17:33 +0000"
    },
    "done": true
  },
  "stoneworks:recipes/building_blocks/stone_shingle_slab_from_stone_stonecutting": {
    "criteria": {
      "has_stone": "2024-09-07 04:07:53 +0000"
    },
    "done": true
  },
  "stoneworks:recipes/building_blocks/calcite_tiles_from_calcite_stonecutting": {
    "criteria": {
      "has_calcite": "2024-09-07 06:46:14 +0000"
    },
    "done": true
  },
  "stoneworks:recipes/building_blocks/andesite_shingles_from_andesite_stonecutting": {
    "criteria": {
      "has_andesite": "2024-09-07 04:07:39 +0000"
    },
    "done": true
  },
  "securitycraft:recipes/building_blocks/reinforced_lime_stained_glass": {
    "criteria": {
      "has_glass": "2024-09-07 06:36:01 +0000"
    },
    "done": true
  },
  "refurbished_furniture:recipes/misc/constructing/black_cooler": {
    "criteria": {
      "has_planks": "2024-09-07 07:06:01 +0000"
    },
    "done": true
  },
  "stoneworks:recipes/building_blocks/mossy_cobbled_calcite_slab_from_calcite_stonecutting": {
    "criteria": {
      "has_calcite": "2024-09-07 06:46:14 +0000"
    },
    "done": true
  },
  "refurbished_furniture:recipes/misc/constructing/lime_lamp": {
    "criteria": {
      "has_white_wool": "2024-09-07 04:17:33 +0000"
    },
    "done": true
  },
  "securitycraft:recipes/building_blocks/reinforced_black_stained_glass_pane_from_glass": {
    "criteria": {
      "has_glass": "2024-09-07 06:36:01 +0000"
    },
    "done": true
  },
  "securitycraft:recipes/building_blocks/reinforced_red_stained_glass": {
    "criteria": {
      "has_glass": "2024-09-07 06:36:01 +0000"
    },
    "done": true
  },
  "connectedglass:recipes/misc/clear_glass_pink_pane3": {
    "criteria": {
      "recipe_condition": "2024-09-07 06:36:01 +0000"
    },
    "done": true
  },
  "minecraft:recipes/building_blocks/cracked_stone_bricks": {
    "criteria": {
      "has_stone_bricks": "2024-09-07 05:35:09 +0000"
    },
    "done": true
  },
  "stoneworks:recipes/building_blocks/andesite_plate_slab_from_andesite_stonecutting": {
    "criteria": {
      "has_andesite": "2024-09-07 04:07:39 +0000"
    },
    "done": true
  },
  "minecraft:recipes/building_blocks/stone_brick_stairs_from_stone_bricks_stonecutting": {
    "criteria": {
      "has_stone_bricks": "2024-09-07 05:35:09 +0000"
    },
    "done": true
  },
  "refurbished_furniture:recipes/misc/constructing/cherry_basin": {
    "criteria": {
      "has_cherry_planks": "2024-09-07 07:06:01 +0000"
    },
    "done": true
  },
  "stoneworks:recipes/building_blocks/mossy_andesite_brick_slab_from_andesite_stonecutting": {
    "criteria": {
      "has_andesite": "2024-09-07 04:07:39 +0000"
    },
    "done": true
  },
  "minecraft:recipes/building_blocks/deepslate_tile_stairs_from_polished_deepslate_stonecutting": {
    "criteria": {
      "has_polished_deepslate": "2024-09-07 07:06:13 +0000"
    },
    "done": true
  },
  "stoneworks:recipes/building_blocks/polished_calcite_stairs_from_calcite_stonecutting": {
    "criteria": {
      "has_calcite": "2024-09-07 06:46:14 +0000"
    },
    "done": true
  },
  "minecraft:story/enter_the_nether": {
    "criteria": {
      "entered_nether": "2024-09-07 06:26:40 +0000"
    },
    "done": true
  },
  "refurbished_furniture:recipes/misc/constructing/cherry_storage_cabinet": {
    "criteria": {
      "has_cherry_planks": "2024-09-07 07:06:01 +0000"
    },
    "done": true
  },
  "stoneworks:recipes/building_blocks/mossy_cobbled_andesite_slab_from_andesite_stonecutting": {
    "criteria": {
      "has_andesite": "2024-09-07 04:07:39 +0000"
    },
    "done": true
  },
  "refurbished_furniture:recipes/misc/constructing/magenta_cooler": {
    "criteria": {
      "has_planks": "2024-09-07 07:06:01 +0000"
    },
    "done": true
  },
  "minecraft:recipes/decorations/painting": {
    "criteria": {
      "has_wool": "2024-09-07 04:17:31 +0000"
    },
    "done": true
  },
  "refurbished_furniture:recipes/misc/constructing/spruce_lattice_fence": {
    "criteria": {
      "has_stick": "2024-09-07 05:13:13 +0000"
    },
    "done": true
  },
  "refurbished_furniture:recipes/misc/constructing/light_blue_cooler": {
    "criteria": {
      "has_planks": "2024-09-07 07:06:01 +0000"
    },
    "done": true
  },
  "minecraft:recipes/building_blocks/polished_deepslate_stairs_from_polished_deepslate_stonecutting": {
    "criteria": {
      "has_polished_deepslate": "2024-09-07 07:06:13 +0000"
    },
    "done": true
  },
  "securitycraft:recipes/building_blocks/reinforced_white_stained_glass_pane_from_glass": {
    "criteria": {
      "has_glass": "2024-09-07 06:36:01 +0000"
    },
    "done": true
  },
  "refurbished_furniture:recipes/misc/constructing/pink_sofa": {
    "criteria": {
      "has_white_wool": "2024-09-07 04:17:33 +0000"
    },
    "done": true
  },
  "minecraft:recipes/building_blocks/cherry_stairs": {
    "criteria": {
      "has_planks": "2024-09-07 07:06:01 +0000"
    },
    "done": true
  },
  "refurbished_furniture:recipes/misc/constructing/brown_lamp": {
    "criteria": {
      "has_white_wool": "2024-09-07 04:17:33 +0000"
    },
    "done": true
  },
  "minecraft:recipes/decorations/andesite_wall_from_andesite_stonecutting": {
    "criteria": {
      "has_andesite": "2024-09-07 04:07:39 +0000"
    },
    "done": true
  },
  "securitycraft:recipes/building_blocks/reinforced_white_stained_glass_pane_from_dye": {
    "criteria": {
      "has_glass": "2024-09-07 06:36:01 +0000"
    },
    "done": true
  },
  "refurbished_furniture:recipes/misc/constructing/crimson_lattice_fence_gate": {
    "criteria": {
      "has_stick": "2024-09-07 05:13:13 +0000"
    },
    "done": true
  },
  "stoneworks:recipes/building_blocks/stone_shingles_from_stone_stonecutting": {
    "criteria": {
      "has_stone": "2024-09-07 04:07:53 +0000"
    },
    "done": true
  },
  "stoneworks:recipes/building_blocks/mossy_cobbled_calcite_from_calcite_stonecutting": {
    "criteria": {
      "has_calcite": "2024-09-07 06:46:14 +0000"
    },
    "done": true
  },
  "stoneworks:recipes/building_blocks/polished_calcite_wall_from_polished_calcite_stonecutting": {
    "criteria": {
      "has_polished_calcite": "2024-09-07 06:52:17 +0000"
    },
    "done": true
  },
  "minecraft:recipes/building_blocks/chiseled_stone_bricks": {
    "criteria": {
      "has_tag": "2024-09-07 05:35:03 +0000"
    },
    "done": true
  },
  "refurbished_furniture:recipes/misc/constructing/cherry_storage_jar": {
    "criteria": {
      "has_cherry_planks": "2024-09-07 07:06:01 +0000"
    },
    "done": true
  },
  "stoneworks:recipes/building_blocks/stone_paver_wall_from_stone_stonecutting": {
    "criteria": {
      "has_stone": "2024-09-07 04:07:53 +0000"
    },
    "done": true
  },
  "refurbished_furniture:recipes/misc/constructing/lime_sofa": {
    "criteria": {
      "has_white_wool": "2024-09-07 04:17:33 +0000"
    },
    "done": true
  },
  "securitycraft:recipes/building_blocks/reinforced_magenta_stained_glass_pane_from_dye": {
    "criteria": {
      "has_glass": "2024-09-07 06:36:01 +0000"
    },
    "done": true
  },
  "securitycraft:recipes/misc/reinforced_jungle_fence": {
    "criteria": {
      "has_stick": "2024-09-07 05:13:13 +0000"
    },
    "done": true
  },
  "minecraft:recipes/building_blocks/polished_andesite_slab_from_andesite_stonecutting": {
    "criteria": {
      "has_andesite": "2024-09-07 04:07:39 +0000"
    },
    "done": true
  },
  "refurbished_furniture:recipes/misc/constructing/red_cooler": {
    "criteria": {
      "has_planks": "2024-09-07 07:06:01 +0000"
    },
    "done": true
  },
  "securitycraft:recipes/building_blocks/reinforced_cyan_stained_glass_pane_from_dye": {
    "criteria": {
      "has_glass": "2024-09-07 06:36:01 +0000"
    },
    "done": true
  },
  "minecraft:recipes/redstone/cherry_trapdoor": {
    "criteria": {
      "has_planks": "2024-09-07 07:06:01 +0000"
    },
    "done": true
  },
  "stoneworks:recipes/building_blocks/andesite_plate_wall_from_andesite_stonecutting": {
    "criteria": {
      "has_andesite": "2024-09-07 04:07:39 +0000"
    },
    "done": true
  },
  "securitycraft:recipes/misc/reinforced_warped_fence": {
    "criteria": {
      "has_stick": "2024-09-07 05:13:13 +0000"
    },
    "done": true
  },
  "minecraft:recipes/redstone/cherry_button": {
    "criteria": {
      "has_planks": "2024-09-07 07:06:01 +0000"
    },
    "done": true
  },
  "stoneworks:recipes/building_blocks/mossy_cobbled_calcite_stairs_from_calcite_stonecutting": {
    "criteria": {
      "has_calcite": "2024-09-07 06:46:14 +0000"
    },
    "done": true
  },
  "stoneworks:recipes/building_blocks/cobbled_calcite_wall_from_calcite_stonecutting": {
    "criteria": {
      "has_calcite": "2024-09-07 06:46:14 +0000"
    },
    "done": true
  },
  "stoneworks:recipes/building_blocks/calcite_brick_wall_from_calcite_stonecutting": {
    "criteria": {
      "has_calcite": "2024-09-07 06:46:14 +0000"
    },
    "done": true
  },
  "minecraft:recipes/building_blocks/deepslate_bricks_from_polished_deepslate_stonecutting": {
    "criteria": {
      "has_polished_deepslate": "2024-09-07 07:06:13 +0000"
    },
    "done": true
  },
  "variantvanillablocks:recipes/decorations/cherry_composter": {
    "criteria": {
      "has_cherry_slab": "2024-09-07 07:03:34 +0000"
    },
    "done": true
  },
  "stoneworks:recipes/building_blocks/mossy_andesite_brick_wall_from_andesite_stonecutting": {
    "criteria": {
      "has_andesite": "2024-09-07 04:07:39 +0000"
    },
    "done": true
  },
  "stoneworks:recipes/building_blocks/cracked_andesite_bricks_from_andesite_stonecutting": {
    "criteria": {
      "has_andesite": "2024-09-07 04:07:39 +0000"
    },
    "done": true
  },
  "stoneworks:recipes/building_blocks/andesite_brick_slab_from_andesite_stonecutting": {
    "criteria": {
      "has_andesite": "2024-09-07 04:07:39 +0000"
    },
    "done": true
  },
  "minecraft:recipes/decorations/stonecutter": {
    "criteria": {
      "has_stone": "2024-09-07 04:07:53 +0000"
    },
    "done": true
  },
  "stoneworks:recipes/building_blocks/stone_pillar_from_stone_stonecutting": {
    "criteria": {
      "has_stone": "2024-09-07 04:07:53 +0000"
    },
    "done": true
  },
  "securitycraft:recipes/building_blocks/reinforced_gray_stained_glass": {
    "criteria": {
      "has_glass": "2024-09-07 06:36:01 +0000"
    },
    "done": true
  },
  "minecraft:recipes/building_blocks/smooth_stone": {
    "criteria": {
      "has_stone": "2024-09-07 04:07:53 +0000"
    },
    "done": true
  },
  "tombstone:adventure/chain_death": {
    "criteria": {
      "coded_trigger": "2024-09-07 04:04:54 +0000"
    },
    "done": true
  },
  "securitycraft:recipes/redstone/reinforced_cherry_fence_gate": {
    "criteria": {
      "has_stick": "2024-09-07 05:13:13 +0000"
    },
    "done": true
  },
  "refurbished_furniture:recipes/misc/constructing/green_cooler": {
    "criteria": {
      "has_planks": "2024-09-07 07:06:01 +0000"
    },
    "done": true
  },
  "refurbished_furniture:recipes/misc/workbench": {
    "criteria": {
      "has_slabs": "2024-09-07 07:03:34 +0000"
    },
    "done": true
  },
  "refurbished_furniture:recipes/misc/constructing/brown_sofa": {
    "criteria": {
      "has_white_wool": "2024-09-07 04:17:33 +0000"
    },
    "done": true
  },
  "minecraft:husbandry/root": {
    "criteria": {
      "consumed_item": "2024-09-07 04:02:46 +0000"
    },
    "done": true
  },
  "refurbished_furniture:recipes/misc/constructing/light_blue_lamp": {
    "criteria": {
      "has_white_wool": "2024-09-07 04:17:33 +0000"
    },
    "done": true
  },
  "variantvanillablocks:recipes/misc/chest": {
    "criteria": {
      "has_the_recipe": "2024-09-07 05:09:14 +0000"
    },
    "done": true
  },
  "minecraft:recipes/building_blocks/cherry_wood": {
    "criteria": {
      "has_log": "2024-09-07 05:08:17 +0000"
    },
    "done": true
  },
  "minecraft:recipes/decorations/white_carpet": {
    "criteria": {
      "has_white_wool": "2024-09-07 04:17:33 +0000"
    },
    "done": true
  },
  "refurbished_furniture:recipes/misc/constructing/blue_sofa": {
    "criteria": {
      "has_white_wool": "2024-09-07 04:17:33 +0000"
    },
    "done": true
  },
  "decorative_blocks:recipes/building_blocks/rocky_dirt": {
    "criteria": {
      "has_dirt": "2024-09-07 04:07:47 +0000"
    },
    "done": true
  },
  "minecraft:recipes/decorations/deepslate_tile_wall_from_polished_deepslate_stonecutting": {
    "criteria": {
      "has_polished_deepslate": "2024-09-07 07:06:13 +0000"
    },
    "done": true
  },
  "stoneworks:recipes/building_blocks/calcite_pavers_from_calcite_stonecutting": {
    "criteria": {
      "has_calcite": "2024-09-07 06:46:14 +0000"
    },
    "done": true
  },
  "minecraft:recipes/decorations/stone_brick_wall_from_stone_bricks_stonecutting": {
    "criteria": {
      "has_stone_bricks": "2024-09-07 05:35:09 +0000"
    },
    "done": true
  },
  "refurbished_furniture:recipes/misc/constructing/light_blue_stool": {
    "criteria": {
      "has_white_wool": "2024-09-07 04:17:33 +0000"
    },
    "done": true
  },
  "stoneworks:recipes/building_blocks/andesite_tile_slab_from_andesite_stonecutting": {
    "criteria": {
      "has_andesite": "2024-09-07 04:07:39 +0000"
    },
    "done": true
  },
  "minecraft:recipes/building_blocks/andesite_slab_from_andesite_stonecutting": {
    "criteria": {
      "has_andesite": "2024-09-07 04:07:39 +0000"
    },
    "done": true
  },
  "refurbished_furniture:recipes/misc/slicing/wheat_seeds_from_grass": {
    "criteria": {
      "has_grass": "2024-09-07 04:02:30 +0000"
    },
    "done": true
  },
  "refurbished_furniture:recipes/misc/constructing/cherry_lattice_fence": {
    "criteria": {
      "has_stick": "2024-09-07 05:13:13 +0000"
    },
    "done": true
  },
  "securitycraft:recipes/building_blocks/reinforced_pink_stained_glass_pane_from_glass": {
    "criteria": {
      "has_glass": "2024-09-07 06:36:01 +0000"
    },
    "done": true
  },
  "securitycraft:recipes/redstone/reinforced_acacia_fence_gate": {
    "criteria": {
      "has_stick": "2024-09-07 05:13:13 +0000"
    },
    "done": true
  },
  "stoneworks:recipes/building_blocks/calcite_plate_slab_from_calcite_stonecutting": {
    "criteria": {
      "has_calcite": "2024-09-07 06:46:14 +0000"
    },
    "done": true
  },
  "refurbished_furniture:recipes/misc/constructing/white_cooler": {
    "criteria": {
      "has_planks": "2024-09-07 07:06:01 +0000"
    },
    "done": true
  },
  "decorative_blocks:recipes/building_blocks/cherry_seat": {
    "criteria": {
      "has_plank": "2024-09-07 07:06:01 +0000"
    },
    "done": true
  },
  "minecraft:recipes/decorations/stone_brick_walls_from_stone_stonecutting": {
    "criteria": {
      "has_stone": "2024-09-07 04:07:53 +0000"
    },
    "done": true
  },
  "stoneworks:recipes/building_blocks/andesite_paver_wall_from_andesite_stonecutting": {
    "criteria": {
      "has_andesite": "2024-09-07 04:07:39 +0000"
    },
    "done": true
  },
  "securitycraft:recipes/building_blocks/reinforced_brown_stained_glass": {
    "criteria": {
      "has_glass": "2024-09-07 06:36:01 +0000"
    },
    "done": true
  },
  "securitycraft:recipes/building_blocks/reinforced_orange_stained_glass_pane_from_dye": {
    "criteria": {
      "has_glass": "2024-09-07 06:36:01 +0000"
    },
    "done": true
  },
  "refurbished_furniture:recipes/food/dough": {
    "criteria": {
      "has_water": "2024-09-07 06:12:57 +0000"
    },
    "done": true
  },
  "refurbished_furniture:recipes/misc/constructing/cherry_hedge": {
    "criteria": {
      "has_cherry_leaves": "2024-09-07 05:00:02 +0000"
    },
    "done": true
  },
  "refurbished_furniture:recipes/misc/constructing/blue_lamp": {
    "criteria": {
      "has_white_wool": "2024-09-07 04:17:33 +0000"
    },
    "done": true
  },
  "refurbished_furniture:recipes/misc/constructing/red_stool": {
    "criteria": {
      "has_white_wool": "2024-09-07 04:17:33 +0000"
    },
    "done": true
  },
  "minecraft:recipes/building_blocks/stone_brick_slab_from_stone_stonecutting": {
    "criteria": {
      "has_stone": "2024-09-07 04:07:53 +0000"
    },
    "done": true
  },
  "minecraft:recipes/building_blocks/deepslate_brick_slab_from_polished_deepslate_stonecutting": {
    "criteria": {
      "has_polished_deepslate": "2024-09-07 07:06:13 +0000"
    },
    "done": true
  },
  "securitycraft:recipes/misc/reinforced_cherry_fence": {
    "criteria": {
      "has_stick": "2024-09-07 05:13:13 +0000"
    },
    "done": true
  },
  "minecraft:recipes/building_blocks/andesite_stairs_from_andesite_stonecutting": {
    "criteria": {
      "has_andesite": "2024-09-07 04:07:39 +0000"
    },
    "done": true
  },
  "stoneworks:recipes/building_blocks/calcite_shingles_from_calcite_stonecutting": {
    "criteria": {
      "has_calcite": "2024-09-07 06:46:14 +0000"
    },
    "done": true
  },
  "minecraft:recipes/building_blocks/polished_diorite_slab": {
    "criteria": {
      "has_polished_diorite": "2024-09-07 06:45:38 +0000"
    },
    "done": true
  },
  "refurbished_furniture:recipes/misc/constructing/andesite_stepping_stones": {
    "criteria": {
      "has_andesite": "2024-09-07 04:07:39 +0000"
    },
    "done": true
  },
  "minecraft:recipes/building_blocks/stone_brick_stairs_from_stone_stonecutting": {
    "criteria": {
      "has_stone": "2024-09-07 04:07:53 +0000"
    },
    "done": true
  },
  "refurbished_furniture:recipes/misc/constructing/cherry_table": {
    "criteria": {
      "has_cherry_planks": "2024-09-07 07:06:01 +0000"
    },
    "done": true
  },
  "minecraft:recipes/decorations/polished_deepslate_wall_from_polished_deepslate_stonecutting": {
    "criteria": {
      "has_polished_deepslate": "2024-09-07 07:06:13 +0000"
    },
    "done": true
  },
  "refurbished_furniture:recipes/misc/constructing/gray_lamp": {
    "criteria": {
      "has_white_wool": "2024-09-07 04:17:33 +0000"
    },
    "done": true
  },
  "refurbished_furniture:recipes/misc/constructing/warped_lattice_fence_gate": {
    "criteria": {
      "has_stick": "2024-09-07 05:13:13 +0000"
    },
    "done": true
  },
  "securitycraft:recipes/redstone/reinforced_warped_fence_gate": {
    "criteria": {
      "has_stick": "2024-09-07 05:13:13 +0000"
    },
    "done": true
  },
  "minecraft:recipes/redstone/cherry_fence_gate": {
    "criteria": {
      "has_planks": "2024-09-07 07:06:01 +0000"
    },
    "done": true
  },
  "stoneworks:recipes/building_blocks/mossy_andesite_bricks_from_andesite_stonecutting": {
    "criteria": {
      "has_andesite": "2024-09-07 04:07:39 +0000"
    },
    "done": true
  },
  "refurbished_furniture:recipes/misc/constructing/light_blue_sofa": {
    "criteria": {
      "has_white_wool": "2024-09-07 04:17:33 +0000"
    },
    "done": true
  },
  "stoneworks:recipes/building_blocks/calcite_paver_slab_from_calcite_stonecutting": {
    "criteria": {
      "has_calcite": "2024-09-07 06:46:14 +0000"
    },
    "done": true
  },
  "refurbished_furniture:recipes/misc/constructing/black_sofa": {
    "criteria": {
      "has_white_wool": "2024-09-07 04:17:33 +0000"
    },
    "done": true
  },
  "refurbished_furniture:recipes/freezing/ice": {
    "criteria": {
      "has_ingredient": "2024-09-07 06:12:57 +0000"
    },
    "done": true
  },
  "securitycraft:recipes/building_blocks/reinforced_pink_stained_glass_pane_from_dye": {
    "criteria": {
      "has_glass": "2024-09-07 06:36:01 +0000"
    },
    "done": true
  },
  "refurbished_furniture:recipes/misc/constructing/purple_sofa": {
    "criteria": {
      "has_white_wool": "2024-09-07 04:17:33 +0000"
    },
    "done": true
  },
  "stoneworks:recipes/building_blocks/calcite_pillar_from_calcite_stonecutting": {
    "criteria": {
      "has_calcite": "2024-09-07 06:46:14 +0000"
    },
    "done": true
  },
  "minecraft:recipes/building_blocks/polished_andesite_stairs": {
    "criteria": {
      "has_polished_andesite": "2024-09-07 06:01:24 +0000"
    },
    "done": true
  },
  "stoneworks:recipes/building_blocks/polished_calcite_stairs_from_polished_calcite_stonecutting": {
    "criteria": {
      "has_polished_calcite": "2024-09-07 06:52:17 +0000"
    },
    "done": true
  },
  "minecraft:recipes/building_blocks/stone_brick_slab_from_stone_bricks_stonecutting": {
    "criteria": {
      "has_stone_bricks": "2024-09-07 05:35:09 +0000"
    },
    "done": true
  },
  "minecraft:nether/root": {
    "criteria": {
      "entered_nether": "2024-09-07 06:26:40 +0000"
    },
    "done": true
  },
  "stoneworks:recipes/building_blocks/stone_shingle_stairs_from_stone_stonecutting": {
    "criteria": {
      "has_stone": "2024-09-07 04:07:53 +0000"
    },
    "done": true
  },
  "minecraft:recipes/building_blocks/stone_slab_from_stone_stonecutting": {
    "criteria": {
      "has_stone": "2024-09-07 04:07:53 +0000"
    },
    "done": true
  },
  "minecraft:recipes/tools/flint_and_steel": {
    "criteria": {
      "has_obsidian": "2024-09-07 06:38:09 +0000"
    },
    "done": true
  },
  "connectedglass:recipes/misc/scratched_glass_pink1": {
    "criteria": {
      "recipe_condition": "2024-09-07 06:36:01 +0000"
    },
    "done": true
  },
  "refurbished_furniture:recipes/misc/constructing/oak_lattice_fence": {
    "criteria": {
      "has_stick": "2024-09-07 05:13:13 +0000"
    },
    "done": true
  },
  "minecraft:recipes/decorations/white_banner": {
    "criteria": {
      "has_white_wool": "2024-09-07 04:17:33 +0000"
    },
    "done": true
  },
  "refurbished_furniture:recipes/misc/constructing/gray_cooler": {
    "criteria": {
      "has_planks": "2024-09-07 07:06:01 +0000"
    },
    "done": true
  },
  "minecraft:recipes/tools/wooden_pickaxe": {
    "criteria": {
      "has_stick": "2024-09-07 05:13:13 +0000"
    },
    "done": true
  },
  "minecraft:recipes/building_blocks/mossy_stone_brick_stairs": {
    "criteria": {
      "has_mossy_stone_bricks": "2024-09-07 05:35:03 +0000"
    },
    "done": true
  },
  "refurbished_furniture:recipes/food/cheese": {
    "criteria": {
      "has_milk": "2024-09-07 04:02:43 +0000"
    },
    "done": true
  },
  "stoneworks:recipes/building_blocks/mossy_calcite_brick_stairs_from_calcite_stonecutting": {
    "criteria": {
      "has_calcite": "2024-09-07 06:46:14 +0000"
    },
    "done": true
  },
  "securitycraft:recipes/building_blocks/reinforced_orange_stained_glass_pane_from_glass": {
    "criteria": {
      "has_glass": "2024-09-07 06:36:01 +0000"
    },
    "done": true
  },
  "refurbished_furniture:recipes/misc/constructing/light_gray_stool": {
    "criteria": {
      "has_white_wool": "2024-09-07 04:17:33 +0000"
    },
    "done": true
  },
  "stoneworks:recipes/building_blocks/cracked_stone_tiles_from_stone_stonecutting": {
    "criteria": {
      "has_stone": "2024-09-07 04:07:53 +0000"
    },
    "done": true
  },
  "refurbished_furniture:recipes/misc/constructing/white_stool": {
    "criteria": {
      "has_white_wool": "2024-09-07 04:17:33 +0000"
    },
    "done": true
  },
  "stoneworks:recipes/building_blocks/cracked_calcite_bricks_from_calcite_stonecutting": {
    "criteria": {
      "has_calcite": "2024-09-07 06:46:14 +0000"
    },
    "done": true
  },
  "securitycraft:recipes/building_blocks/reinforced_cyan_stained_glass_pane_from_glass": {
    "criteria": {
      "has_glass": "2024-09-07 06:36:01 +0000"
    },
    "done": true
  },
  "refurbished_furniture:recipes/misc/constructing/mangrove_lattice_fence": {
    "criteria": {
      "has_stick": "2024-09-07 05:13:13 +0000"
    },
    "done": true
  },
  "refurbished_furniture:recipes/misc/constructing/cherry_lattice_fence_gate": {
    "criteria": {
      "has_stick": "2024-09-07 05:13:13 +0000"
    },
    "done": true
  },
  "stoneworks:recipes/building_blocks/mossy_calcite_brick_slab_from_calcite_stonecutting": {
    "criteria": {
      "has_calcite": "2024-09-07 06:46:14 +0000"
    },
    "done": true
  },
  "minecraft:recipes/building_blocks/polished_andesite": {
    "criteria": {
      "has_andesite": "2024-09-07 04:07:39 +0000"
    },
    "done": true
  },
  "stoneworks:recipes/building_blocks/andesite_plate_stairs_from_andesite_stonecutting": {
    "criteria": {
      "has_andesite": "2024-09-07 04:07:39 +0000"
    },
    "done": true
  },
  "securitycraft:recipes/redstone/reinforced_mangrove_fence_gate": {
    "criteria": {
      "has_stick": "2024-09-07 05:13:13 +0000"
    },
    "done": true
  },
  "refurbished_furniture:recipes/misc/constructing/yellow_stool": {
    "criteria": {
      "has_white_wool": "2024-09-07 04:17:33 +0000"
    },
    "done": true
  },
  "refurbished_furniture:recipes/misc/constructing/black_lamp": {
    "criteria": {
      "has_white_wool": "2024-09-07 04:17:33 +0000"
    },
    "done": true
  },
  "minecraft:recipes/building_blocks/chiseled_stone_bricks_stone_from_stonecutting": {
    "criteria": {
      "has_stone": "2024-09-07 04:07:53 +0000"
    },
    "done": true
  },
  "securitycraft:recipes/misc/reinforced_mangrove_fence": {
    "criteria": {
      "has_stick": "2024-09-07 05:13:13 +0000"
    },
    "done": true
  },
  "stoneworks:recipes/building_blocks/stone_tiles_from_stone_stonecutting": {
    "criteria": {
      "has_stone": "2024-09-07 04:07:53 +0000"
    },
    "done": true
  },
  "securitycraft:recipes/building_blocks/reinforced_light_gray_stained_glass_pane_from_dye": {
    "criteria": {
      "has_glass": "2024-09-07 06:36:01 +0000"
    },
    "done": true
  },
  "stoneworks:recipes/building_blocks/stone_plate_slab_from_stone_stonecutting": {
    "criteria": {
      "has_stone": "2024-09-07 04:07:53 +0000"
    },
    "done": true
  },
  "minecraft:recipes/building_blocks/deepslate_tiles_from_polished_deepslate_stonecutting": {
    "criteria": {
      "has_polished_deepslate": "2024-09-07 07:06:13 +0000"
    },
    "done": true
  },
  "minecraft:adventure/avoid_vibration": {
    "criteria": {
      "avoid_vibration": "2024-09-07 04:04:40 +0000"
    },
    "done": true
  },
  "refurbished_furniture:recipes/misc/constructing/pink_lamp": {
    "criteria": {
      "has_white_wool": "2024-09-07 04:17:33 +0000"
    },
    "done": true
  },
  "refurbished_furniture:recipes/misc/constructing/lime_cooler": {
    "criteria": {
      "has_planks": "2024-09-07 07:06:01 +0000"
    },
    "done": true
  },
  "refurbished_furniture:recipes/misc/constructing/cherry_toilet": {
    "criteria": {
      "has_cherry_planks": "2024-09-07 07:06:01 +0000"
    },
    "done": true
  },
  "refurbished_furniture:recipes/misc/constructing/gray_stool": {
    "criteria": {
      "has_white_wool": "2024-09-07 04:17:33 +0000"
    },
    "done": true
  },
  "stoneworks:recipes/building_blocks/stone_plate_stairs_from_stone_stonecutting": {
    "criteria": {
      "has_stone": "2024-09-07 04:07:53 +0000"
    },
    "done": true
  },
  "minecraft:recipes/building_blocks/polished_diorite_stairs_from_polished_diorite_stonecutting": {
    "criteria": {
      "has_polished_diorite": "2024-09-07 06:45:38 +0000"
    },
    "done": true
  },
  "refurbished_furniture:recipes/misc/constructing/cherry_chair": {
    "criteria": {
      "has_cherry_planks": "2024-09-07 07:06:01 +0000"
    },
    "done": true
  },
  "refurbished_furniture:recipes/misc/constructing/cherry_kitchen_drawer": {
    "criteria": {
      "has_cherry_planks": "2024-09-07 07:06:01 +0000"
    },
    "done": true
  },
  "decorative_blocks:recipes/building_blocks/stone_pillar": {
    "criteria": {
      "has_stone": "2024-09-07 04:07:53 +0000"
    },
    "done": true
  },
  "minecraft:recipes/building_blocks/polished_diorite_slab_from_polished_diorite_stonecutting": {
    "criteria": {
      "has_polished_diorite": "2024-09-07 06:45:38 +0000"
    },
    "done": true
  },
  "refurbished_furniture:recipes/misc/constructing/acacia_lattice_fence_gate": {
    "criteria": {
      "has_stick": "2024-09-07 05:13:13 +0000"
    },
    "done": true
  },
  "refurbished_furniture:recipes/misc/constructing/pink_cooler": {
    "criteria": {
      "has_planks": "2024-09-07 07:06:01 +0000"
    },
    "done": true
  },
  "stoneworks:recipes/building_blocks/cobbled_andesite_wall_from_andesite_stonecutting": {
    "criteria": {
      "has_andesite": "2024-09-07 04:07:39 +0000"
    },
    "done": true
  },
  "refurbished_furniture:recipes/misc/constructing/white_sofa": {
    "criteria": {
      "has_white_wool": "2024-09-07 04:17:33 +0000"
    },
    "done": true
  },
  "minecraft:adventure/kill_a_mob": {
    "criteria": {
      "minecraft:zombie": "2024-09-07 04:58:03 +0000"
    },
    "done": true
  },
  "stoneworks:recipes/building_blocks/mossy_cobbled_andesite_wall_from_andesite_stonecutting": {
    "criteria": {
      "has_andesite": "2024-09-07 04:07:39 +0000"
    },
    "done": true
  },
  "securitycraft:recipes/building_blocks/reinforced_yellow_stained_glass_pane_from_dye": {
    "criteria": {
      "has_glass": "2024-09-07 06:36:01 +0000"
    },
    "done": true
  },
  "securitycraft:recipes/building_blocks/reinforced_lime_stained_glass_pane_from_dye": {
    "criteria": {
      "has_glass": "2024-09-07 06:36:01 +0000"
    },
    "done": true
  },
  "stoneworks:recipes/building_blocks/andesite_plates_from_andesite_stonecutting": {
    "criteria": {
      "has_andesite": "2024-09-07 04:07:39 +0000"
    },
    "done": true
  },
  "minecraft:recipes/building_blocks/polished_andesite_slab_from_polished_andesite_stonecutting": {
    "criteria": {
      "has_polished_andesite": "2024-09-07 06:01:24 +0000"
    },
    "done": true
  },
  "minecraft:recipes/decorations/andesite_wall": {
    "criteria": {
      "has_andesite": "2024-09-07 04:07:39 +0000"
    },
    "done": true
  },
  "minecraft:recipes/building_blocks/andesite_slab": {
    "criteria": {
      "has_andesite": "2024-09-07 04:07:39 +0000"
    },
    "done": true
  },
  "stoneworks:recipes/building_blocks/stone_plate_wall_from_stone_stonecutting": {
    "criteria": {
      "has_stone": "2024-09-07 04:07:53 +0000"
    },
    "done": true
  },
  "refurbished_furniture:recipes/misc/constructing/cyan_sofa": {
    "criteria": {
      "has_white_wool": "2024-09-07 04:17:33 +0000"
    },
    "done": true
  },
  "refurbished_furniture:recipes/misc/constructing/yellow_cooler": {
    "criteria": {
      "has_planks": "2024-09-07 07:06:01 +0000"
    },
    "done": true
  },
  "refurbished_furniture:recipes/misc/constructing/cherry_kitchen_sink": {
    "criteria": {
      "has_cherry_planks": "2024-09-07 07:06:01 +0000"
    },
    "done": true
  },
  "stoneworks:recipes/building_blocks/calcite_brick_slab_from_calcite_stonecutting": {
    "criteria": {
      "has_calcite": "2024-09-07 06:46:14 +0000"
    },
    "done": true
  },
  "stoneworks:recipes/building_blocks/andesite_paver_stairs_from_andesite_stonecutting": {
    "criteria": {
      "has_andesite": "2024-09-07 04:07:39 +0000"
    },
    "done": true
  },
  "securitycraft:recipes/building_blocks/reinforced_light_blue_stained_glass": {
    "criteria": {
      "has_glass": "2024-09-07 06:36:01 +0000"
    },
    "done": true
  },
  "refurbished_furniture:recipes/misc/constructing/black_stool": {
    "criteria": {
      "has_white_wool": "2024-09-07 04:17:33 +0000"
    },
    "done": true
  },
  "minecraft:recipes/decorations/enchanting_table": {
    "criteria": {
      "has_obsidian": "2024-09-07 06:38:09 +0000"
    },
    "done": true
  },
  "refurbished_furniture:recipes/misc/constructing/cherry_kitchen_storage_cabinet": {
    "criteria": {
      "has_cherry_planks": "2024-09-07 07:06:01 +0000"
    },
    "done": true
  },
  "refurbished_furniture:recipes/misc/constructing/blue_cooler": {
    "criteria": {
      "has_planks": "2024-09-07 07:06:01 +0000"
    },
    "done": true
  },
  "securitycraft:recipes/building_blocks/reinforced_gray_stained_glass_pane_from_dye": {
    "criteria": {
      "has_glass": "2024-09-07 06:36:01 +0000"
    },
    "done": true
  },
  "variantvanillablocks:recipes/decorations/cherry_barrel": {
    "criteria": {
      "has_wood_slab": "2024-09-07 07:03:34 +0000"
    },
    "done": true
  },
  "refurbished_furniture:recipes/misc/constructing/warped_lattice_fence": {
    "criteria": {
      "has_stick": "2024-09-07 05:13:13 +0000"
    },
    "done": true
  },
  "refurbished_furniture:recipes/misc/constructing/orange_cooler": {
    "criteria": {
      "has_planks": "2024-09-07 07:06:01 +0000"
    },
    "done": true
  },
  "securitycraft:recipes/building_blocks/reinforced_pink_stained_glass": {
    "criteria": {
      "has_glass": "2024-09-07 06:36:01 +0000"
    },
    "done": true
  },
  "minecraft:recipes/decorations/mossy_stone_brick_wall_from_mossy_stone_brick_stonecutting": {
    "criteria": {
      "has_mossy_stone_bricks": "2024-09-07 05:35:03 +0000"
    },
    "done": true
  },
  "minecraft:recipes/building_blocks/deepslate_brick_stairs_from_polished_deepslate_stonecutting": {
    "criteria": {
      "has_polished_deepslate": "2024-09-07 07:06:13 +0000"
    },
    "done": true
  },
  "refurbished_furniture:recipes/misc/constructing/birch_lattice_fence_gate": {
    "criteria": {
      "has_stick": "2024-09-07 05:13:13 +0000"
    },
    "done": true
  },
  "refurbished_furniture:recipes/misc/constructing/cyan_lamp": {
    "criteria": {
      "has_white_wool": "2024-09-07 04:17:33 +0000"
    },
    "done": true
  },
  "stoneworks:recipes/building_blocks/andesite_shingle_wall_from_andesite_stonecutting": {
    "criteria": {
      "has_andesite": "2024-09-07 04:07:39 +0000"
    },
    "done": true
  },
  "refurbished_furniture:recipes/misc/constructing/gray_sofa": {
    "criteria": {
      "has_white_wool": "2024-09-07 04:17:33 +0000"
    },
    "done": true
  },
  "securitycraft:recipes/misc/reinforced_spruce_fence": {
    "criteria": {
      "has_stick": "2024-09-07 05:13:13 +0000"
    },
    "done": true
  },
  "refurbished_furniture:recipes/misc/constructing/purple_lamp": {
    "criteria": {
      "has_white_wool": "2024-09-07 04:17:33 +0000"
    },
    "done": true
  },
  "securitycraft:recipes/building_blocks/reinforced_magenta_stained_glass_pane_from_glass": {
    "criteria": {
      "has_glass": "2024-09-07 06:36:01 +0000"
    },
    "done": true
  },
  "securitycraft:recipes/building_blocks/reinforced_brown_stained_glass_pane_from_glass": {
    "criteria": {
      "has_glass": "2024-09-07 06:36:01 +0000"
    },
    "done": true
  },
  "refurbished_furniture:recipes/misc/constructing/pink_stool": {
    "criteria": {
      "has_white_wool": "2024-09-07 04:17:33 +0000"
    },
    "done": true
  },
  "DataVersion": 3465
}