{
  "refurbished_furniture:recipes/misc/constructing/purple_stool": {
    "criteria": {
      "has_white_wool": "2024-09-02 06:30:55 +0000"
    },
    "done": true
  },
  "securitycraft:recipes/building_blocks/reinforced_light_gray_stained_glass": {
    "criteria": {
      "has_glass": "2024-09-02 06:26:40 +0000"
    },
    "done": true
  },
  "stoneworks:recipes/building_blocks/mossy_basalt_brick_slab_from_basalt_stonecutting": {
    "criteria": {
      "has_basalt": "2024-09-02 06:28:57 +0000"
    },
    "done": true
  },
  "variantvanillablocks:recipes/decorations/barrel": {
    "criteria": {
      "has_the_recipe": "2024-09-02 06:26:13 +0000"
    },
    "done": true
  },
  "securitycraft:recipes/building_blocks/reinforced_green_stained_glass_pane_from_dye": {
    "criteria": {
      "has_glass": "2024-09-02 06:26:40 +0000"
    },
    "done": true
  },
  "refurbished_furniture:recipes/misc/constructing/green_stool": {
    "criteria": {
      "has_white_wool": "2024-09-02 06:30:55 +0000"
    },
    "done": true
  },
  "securitycraft:recipes/building_blocks/reinforced_orange_stained_glass": {
    "criteria": {
      "has_glass": "2024-09-02 06:26:40 +0000"
    },
    "done": true
  },
  "minecraft:recipes/building_blocks/light_blue_stained_glass": {
    "criteria": {
      "has_glass": "2024-09-02 06:27:28 +0000"
    },
    "done": true
  },
  "refurbished_furniture:recipes/misc/constructing/yellow_lamp": {
    "criteria": {
      "has_white_wool": "2024-09-02 06:30:55 +0000"
    },
    "done": true
  },
  "stoneworks:recipes/building_blocks/basalt_tile_wall_from_basalt_stonecutting": {
    "criteria": {
      "has_basalt": "2024-09-02 06:28:57 +0000"
    },
    "done": true
  },
  "securitycraft:recipes/building_blocks/reinforced_glass_pane": {
    "criteria": {
      "has_glass": "2024-09-02 06:26:40 +0000"
    },
    "done": true
  },
  "securitycraft:recipes/building_blocks/reinforced_black_stained_glass": {
    "criteria": {
      "has_glass": "2024-09-02 06:26:40 +0000"
    },
    "done": true
  },
  "refurbished_furniture:recipes/misc/constructing/red_lamp": {
    "criteria": {
      "has_white_wool": "2024-09-02 06:30:55 +0000"
    },
    "done": true
  },
  "refurbished_furniture:recipes/misc/constructing/orange_lamp": {
    "criteria": {
      "has_white_wool": "2024-09-02 06:30:55 +0000"
    },
    "done": true
  },
  "connectedglass:recipes/misc/borderless_glass_orange2": {
    "criteria": {
      "recipe_condition1": "2024-09-02 06:26:41 +0000"
    },
    "done": true
  },
  "connectedglass:recipes/misc/borderless_glass1": {
    "criteria": {
      "recipe_condition": "2024-09-02 06:27:28 +0000"
    },
    "done": true
  },
  "refurbished_furniture:recipes/misc/constructing/acacia_storage_jar": {
    "criteria": {
      "has_glass": "2024-09-02 06:27:28 +0000"
    },
    "done": true
  },
  "connectedglass:recipes/misc/borderless_glass_black2": {
    "criteria": {
      "recipe_condition1": "2024-09-02 06:26:40 +0000"
    },
    "done": true
  },
  "minecraft:recipes/building_blocks/orange_stained_glass": {
    "criteria": {
      "has_glass": "2024-09-02 06:27:28 +0000"
    },
    "done": true
  },
  "refurbished_furniture:recipes/misc/constructing/white_lamp": {
    "criteria": {
      "has_white_wool": "2024-09-02 06:30:55 +0000"
    },
    "done": true
  },
  "securitycraft:recipes/building_blocks/reinforced_purple_stained_glass_pane_from_glass": {
    "criteria": {
      "has_glass": "2024-09-02 06:26:41 +0000"
    },
    "done": true
  },
  "securitycraft:recipes/building_blocks/reinforced_blue_stained_glass_pane_from_dye": {
    "criteria": {
      "has_glass": "2024-09-02 06:26:40 +0000"
    },
    "done": true
  },
  "refurbished_furniture:recipes/misc/constructing/yellow_sofa": {
    "criteria": {
      "has_white_wool": "2024-09-02 06:30:55 +0000"
    },
    "done": true
  },
  "minecraft:recipes/building_blocks/pink_stained_glass": {
    "criteria": {
      "has_glass": "2024-09-02 06:27:28 +0000"
    },
    "done": true
  },
  "minecraft:recipes/building_blocks/black_stained_glass": {
    "criteria": {
      "has_glass": "2024-09-02 06:27:28 +0000"
    },
    "done": true
  },
  "refurbished_furniture:recipes/misc/constructing/orange_sofa": {
    "criteria": {
      "has_white_wool": "2024-09-02 06:30:55 +0000"
    },
    "done": true
  },
  "minecraft:recipes/building_blocks/gray_stained_glass": {
    "criteria": {
      "has_glass": "2024-09-02 06:27:28 +0000"
    },
    "done": true
  },
  "minecraft:recipes/decorations/crafting_table": {
    "criteria": {
      "unlock_right_away": "2024-09-02 06:24:51 +0000"
    },
    "done": true
  },
  "securitycraft:recipes/building_blocks/reinforced_light_blue_stained_glass_pane_from_dye": {
    "criteria": {
      "has_glass": "2024-09-02 06:26:41 +0000"
    },
    "done": true
  },
  "connectedglass:recipes/misc/borderless_glass_light_blue2": {
    "criteria": {
      "recipe_condition1": "2024-09-02 06:26:40 +0000"
    },
    "done": true
  },
  "refurbished_furniture:recipes/misc/constructing/jungle_storage_jar": {
    "criteria": {
      "has_glass": "2024-09-02 06:27:28 +0000"
    },
    "done": true
  },
  "securitycraft:recipes/building_blocks/reinforced_lime_stained_glass_pane_from_glass": {
    "criteria": {
      "has_glass": "2024-09-02 06:26:40 +0000"
    },
    "done": true
  },
  "stoneworks:recipes/building_blocks/mossy_deepslate_brick_stairs_from_deepslate_stonecutting": {
    "criteria": {
      "has_deepslate": "2024-09-02 06:28:58 +0000"
    },
    "done": true
  },
  "minecraft:recipes/transportation/cherry_boat": {
    "criteria": {
      "in_water": "2024-09-02 06:30:09 +0000"
    },
    "done": true
  },
  "variantvanillablocks:recipes/decorations/composter": {
    "criteria": {
      "has_the_recipe": "2024-09-02 06:26:13 +0000"
    },
    "done": true
  },
  "stoneworks:recipes/building_blocks/basalt_shingle_stairs_from_basalt_stonecutting": {
    "criteria": {
      "has_basalt": "2024-09-02 06:28:57 +0000"
    },
    "done": true
  },
  "refurbished_furniture:recipes/misc/constructing/light_microwave": {
    "criteria": {
      "has_glass": "2024-09-02 06:27:28 +0000"
    },
    "done": true
  },
  "securitycraft:recipes/building_blocks/reinforced_light_blue_stained_glass_pane_from_glass": {
    "criteria": {
      "has_glass": "2024-09-02 06:26:40 +0000"
    },
    "done": true
  },
  "minecraft:recipes/transportation/bamboo_raft": {
    "criteria": {
      "in_water": "2024-09-02 06:30:09 +0000"
    },
    "done": true
  },
  "refurbished_furniture:recipes/misc/constructing/spruce_storage_jar": {
    "criteria": {
      "has_glass": "2024-09-02 06:27:28 +0000"
    },
    "done": true
  },
  "refurbished_furniture:recipes/misc/constructing/magenta_stool": {
    "criteria": {
      "has_white_wool": "2024-09-02 06:30:55 +0000"
    },
    "done": true
  },
  "connectedglass:recipes/misc/borderless_glass_white2": {
    "criteria": {
      "recipe_condition1": "2024-09-02 06:26:40 +0000"
    },
    "done": true
  },
  "refurbished_furniture:recipes/misc/constructing/light_stove": {
    "criteria": {
      "has_glass": "2024-09-02 06:27:28 +0000"
    },
    "done": true
  },
  "stoneworks:recipes/building_blocks/basalt_tile_stairs_from_basalt_stonecutting": {
    "criteria": {
      "has_basalt": "2024-09-02 06:28:57 +0000"
    },
    "done": true
  },
  "refurbished_furniture:recipes/misc/constructing/mangrove_storage_jar": {
    "criteria": {
      "has_glass": "2024-09-02 06:27:28 +0000"
    },
    "done": true
  },
  "stoneworks:recipes/building_blocks/deepslate_plate_wall_from_deepslate_stonecutting": {
    "criteria": {
      "has_deepslate": "2024-09-02 06:28:58 +0000"
    },
    "done": true
  },
  "securitycraft:recipes/building_blocks/reinforced_cyan_stained_glass": {
    "criteria": {
      "has_glass": "2024-09-02 06:26:40 +0000"
    },
    "done": true
  },
  "securitycraft:recipes/building_blocks/reinforced_purple_stained_glass_pane_from_dye": {
    "criteria": {
      "has_glass": "2024-09-02 06:26:40 +0000"
    },
    "done": true
  },
  "stoneworks:recipes/building_blocks/mossy_cobbled_deepslate_slab_from_deepslate_stonecutting": {
    "criteria": {
      "has_deepslate": "2024-09-02 06:28:58 +0000"
    },
    "done": true
  },
  "refurbished_furniture:recipes/misc/constructing/dark_oak_storage_jar": {
    "criteria": {
      "has_glass": "2024-09-02 06:27:28 +0000"
    },
    "done": true
  },
  "refurbished_furniture:recipes/misc/constructing/red_sofa": {
    "criteria": {
      "has_white_wool": "2024-09-02 06:30:55 +0000"
    },
    "done": true
  },
  "securitycraft:recipes/building_blocks/reinforced_white_stained_glass": {
    "criteria": {
      "has_glass": "2024-09-02 06:26:40 +0000"
    },
    "done": true
  },
  "minecraft:recipes/building_blocks/smooth_basalt": {
    "criteria": {
      "has_basalt": "2024-09-02 06:28:57 +0000"
    },
    "done": true
  },
  "minecraft:recipes/building_blocks/red_stained_glass": {
    "criteria": {
      "has_glass": "2024-09-02 06:27:28 +0000"
    },
    "done": true
  },
  "refurbished_furniture:recipes/misc/constructing/lime_stool": {
    "criteria": {
      "has_white_wool": "2024-09-02 06:30:55 +0000"
    },
    "done": true
  },
  "securitycraft:recipes/building_blocks/reinforced_red_stained_glass_pane_from_dye": {
    "criteria": {
      "has_glass": "2024-09-02 06:26:40 +0000"
    },
    "done": true
  },
  "refurbished_furniture:recipes/misc/constructing/magenta_lamp": {
    "criteria": {
      "has_white_wool": "2024-09-02 06:30:55 +0000"
    },
    "done": true
  },
  "securitycraft:recipes/building_blocks/reinforced_magenta_stained_glass": {
    "criteria": {
      "has_glass": "2024-09-02 06:26:40 +0000"
    },
    "done": true
  },
  "refurbished_furniture:recipes/misc/constructing/light_gray_sofa": {
    "criteria": {
      "has_white_wool": "2024-09-02 06:30:55 +0000"
    },
    "done": true
  },
  "stoneworks:recipes/building_blocks/basalt_shingles_from_basalt_stonecutting": {
    "criteria": {
      "has_basalt": "2024-09-02 06:28:57 +0000"
    },
    "done": true
  },
  "stoneworks:recipes/building_blocks/deepslate_shingle_wall_from_deepslate_stonecutting": {
    "criteria": {
      "has_deepslate": "2024-09-02 06:28:58 +0000"
    },
    "done": true
  },
  "securitycraft:recipes/building_blocks/reinforced_black_stained_glass_pane_from_dye": {
    "criteria": {
      "has_glass": "2024-09-02 06:26:40 +0000"
    },
    "done": true
  },
  "minecraft:recipes/building_blocks/light_gray_stained_glass": {
    "criteria": {
      "has_glass": "2024-09-02 06:27:28 +0000"
    },
    "done": true
  },
  "securitycraft:recipes/building_blocks/reinforced_yellow_stained_glass_pane_from_glass": {
    "criteria": {
      "has_glass": "2024-09-02 06:26:41 +0000"
    },
    "done": true
  },
  "securitycraft:recipes/building_blocks/reinforced_green_stained_glass_pane_from_glass": {
    "criteria": {
      "has_glass": "2024-09-02 06:26:40 +0000"
    },
    "done": true
  },
  "connectedglass:recipes/misc/borderless_glass_red2": {
    "criteria": {
      "recipe_condition1": "2024-09-02 06:26:40 +0000"
    },
    "done": true
  },
  "securitycraft:recipes/building_blocks/reinforced_blue_stained_glass_pane_from_glass": {
    "criteria": {
      "has_glass": "2024-09-02 06:26:41 +0000"
    },
    "done": true
  },
  "connectedglass:recipes/misc/borderless_glass_blue2": {
    "criteria": {
      "recipe_condition1": "2024-09-02 06:26:40 +0000"
    },
    "done": true
  },
  "securitycraft:recipes/building_blocks/reinforced_gray_stained_glass_pane_from_glass": {
    "criteria": {
      "has_glass": "2024-09-02 06:26:40 +0000"
    },
    "done": true
  },
  "minecraft:recipes/building_blocks/cyan_stained_glass": {
    "criteria": {
      "has_glass": "2024-09-02 06:27:28 +0000"
    },
    "done": true
  },
  "minecraft:story/form_obsidian": {
    "criteria": {
      "obsidian": "2024-09-02 06:28:52 +0000"
    },
    "done": true
  },
  "connectedglass:recipes/misc/borderless_glass_light_gray2": {
    "criteria": {
      "recipe_condition1": "2024-09-02 06:26:41 +0000"
    },
    "done": true
  },
  "refurbished_furniture:recipes/misc/constructing/birch_storage_jar": {
    "criteria": {
      "has_glass": "2024-09-02 06:27:28 +0000"
    },
    "done": true
  },
  "securitycraft:recipes/building_blocks/reinforced_green_stained_glass": {
    "criteria": {
      "has_glass": "2024-09-02 06:26:40 +0000"
    },
    "done": true
  },
  "securitycraft:recipes/building_blocks/reinforced_blue_stained_glass": {
    "criteria": {
      "has_glass": "2024-09-02 06:26:40 +0000"
    },
    "done": true
  },
  "minecraft:recipes/transportation/acacia_boat": {
    "criteria": {
      "in_water": "2024-09-02 06:30:09 +0000"
    },
    "done": true
  },
  "refurbished_furniture:recipes/misc/constructing/green_lamp": {
    "criteria": {
      "has_white_wool": "2024-09-02 06:30:55 +0000"
    },
    "done": true
  },
  "stoneworks:recipes/building_blocks/basalt_tile_slab_from_basalt_stonecutting": {
    "criteria": {
      "has_basalt": "2024-09-02 06:28:57 +0000"
    },
    "done": true
  },
  "securitycraft:recipes/building_blocks/reinforced_light_gray_stained_glass_pane_from_glass": {
    "criteria": {
      "has_glass": "2024-09-02 06:26:41 +0000"
    },
    "done": true
  },
  "refurbished_furniture:recipes/misc/constructing/crimson_storage_jar": {
    "criteria": {
      "has_glass": "2024-09-02 06:27:28 +0000"
    },
    "done": true
  },
  "securitycraft:recipes/building_blocks/reinforced_yellow_stained_glass": {
    "criteria": {
      "has_glass": "2024-09-02 06:26:40 +0000"
    },
    "done": true
  },
  "stoneworks:recipes/building_blocks/mossy_deepslate_brick_wall_from_deepslate_stonecutting": {
    "criteria": {
      "has_deepslate": "2024-09-02 06:28:58 +0000"
    },
    "done": true
  },
  "refurbished_furniture:recipes/misc/constructing/magenta_sofa": {
    "criteria": {
      "has_white_wool": "2024-09-02 06:30:55 +0000"
    },
    "done": true
  },
  "refurbished_furniture:recipes/misc/constructing/oak_storage_jar": {
    "criteria": {
      "has_glass": "2024-09-02 06:27:28 +0000"
    },
    "done": true
  },
  "stoneworks:recipes/building_blocks/chiseled_basalt_from_basalt_stonecutting": {
    "criteria": {
      "has_basalt": "2024-09-02 06:28:57 +0000"
    },
    "done": true
  },
  "securitycraft:recipes/building_blocks/reinforced_purple_stained_glass": {
    "criteria": {
      "has_glass": "2024-09-02 06:26:40 +0000"
    },
    "done": true
  },
  "minecraft:recipes/decorations/barrel": {
    "criteria": {
      "has_spruce_planks": "2024-09-02 06:26:13 +0000",
      "has_spruce_slab": "2024-09-02 06:26:13 +0000"
    },
    "done": true
  },
  "stoneworks:recipes/building_blocks/basalt_pavers_from_basalt_stonecutting": {
    "criteria": {
      "has_basalt": "2024-09-02 06:28:57 +0000"
    },
    "done": true
  },
  "stoneworks:recipes/building_blocks/mossy_deepslate_bricks_from_deepslate_stonecutting": {
    "criteria": {
      "has_deepslate": "2024-09-02 06:28:58 +0000"
    },
    "done": true
  },
  "minecraft:recipes/decorations/white_bed": {
    "criteria": {
      "has_white_wool": "2024-09-02 06:30:55 +0000"
    },
    "done": true
  },
  "stoneworks:recipes/building_blocks/cobbled_basalt_slab_from_basalt_stonecutting": {
    "criteria": {
      "has_basalt": "2024-09-02 06:28:57 +0000"
    },
    "done": true
  },
  "refurbished_furniture:recipes/misc/constructing/cyan_stool": {
    "criteria": {
      "has_white_wool": "2024-09-02 06:30:55 +0000"
    },
    "done": true
  },
  "stoneworks:recipes/building_blocks/basalt_paver_slab_from_basalt_stonecutting": {
    "criteria": {
      "has_basalt": "2024-09-02 06:28:57 +0000"
    },
    "done": true
  },
  "refurbished_furniture:recipes/misc/constructing/green_sofa": {
    "criteria": {
      "has_white_wool": "2024-09-02 06:30:55 +0000"
    },
    "done": true
  },
  "stoneworks:recipes/building_blocks/deepslate_paver_wall_from_deepslate_stonecutting": {
    "criteria": {
      "has_deepslate": "2024-09-02 06:28:58 +0000"
    },
    "done": true
  },
  "tombstone:adventure/root": {
    "criteria": {
      "auto": "2024-09-02 06:24:54 +0000"
    },
    "done": true
  },
  "refurbished_furniture:recipes/misc/constructing/light_gray_lamp": {
    "criteria": {
      "has_white_wool": "2024-09-02 06:30:55 +0000"
    },
    "done": true
  },
  "minecraft:recipes/building_blocks/polished_basalt": {
    "criteria": {
      "has_basalt": "2024-09-02 06:28:57 +0000"
    },
    "done": true
  },
  "stoneworks:recipes/building_blocks/basalt_paver_stairs_from_basalt_stonecutting": {
    "criteria": {
      "has_basalt": "2024-09-02 06:28:57 +0000"
    },
    "done": true
  },
  "minecraft:recipes/transportation/jungle_boat": {
    "criteria": {
      "in_water": "2024-09-02 06:30:09 +0000"
    },
    "done": true
  },
  "securitycraft:recipes/building_blocks/reinforced_red_stained_glass_pane_from_glass": {
    "criteria": {
      "has_glass": "2024-09-02 06:26:40 +0000"
    },
    "done": true
  },
  "securitycraft:recipes/building_blocks/reinforced_brown_stained_glass_pane_from_dye": {
    "criteria": {
      "has_glass": "2024-09-02 06:26:40 +0000"
    },
    "done": true
  },
  "refurbished_furniture:recipes/misc/constructing/warped_storage_jar": {
    "criteria": {
      "has_glass": "2024-09-02 06:27:28 +0000"
    },
    "done": true
  },
  "refurbished_furniture:recipes/misc/constructing/blue_stool": {
    "criteria": {
      "has_white_wool": "2024-09-02 06:30:55 +0000"
    },
    "done": true
  },
  "stoneworks:recipes/building_blocks/basalt_shingle_slab_from_basalt_stonecutting": {
    "criteria": {
      "has_basalt": "2024-09-02 06:28:57 +0000"
    },
    "done": true
  },
  "refurbished_furniture:recipes/misc/constructing/brown_stool": {
    "criteria": {
      "has_white_wool": "2024-09-02 06:30:55 +0000"
    },
    "done": true
  },
  "refurbished_furniture:recipes/misc/constructing/orange_stool": {
    "criteria": {
      "has_white_wool": "2024-09-02 06:30:55 +0000"
    },
    "done": true
  },
  "minecraft:recipes/building_blocks/green_stained_glass": {
    "criteria": {
      "has_glass": "2024-09-02 06:27:28 +0000"
    },
    "done": true
  },
  "stoneworks:recipes/building_blocks/basalt_brick_stairs_from_basalt_stonecutting": {
    "criteria": {
      "has_basalt": "2024-09-02 06:28:57 +0000"
    },
    "done": true
  },
  "stoneworks:recipes/building_blocks/cobbled_basalt_from_basalt_stonecutting": {
    "criteria": {
      "has_basalt": "2024-09-02 06:28:57 +0000"
    },
    "done": true
  },
  "securitycraft:recipes/building_blocks/reinforced_lime_stained_glass": {
    "criteria": {
      "has_glass": "2024-09-02 06:26:40 +0000"
    },
    "done": true
  },
  "refurbished_furniture:recipes/misc/constructing/lime_lamp": {
    "criteria": {
      "has_white_wool": "2024-09-02 06:30:55 +0000"
    },
    "done": true
  },
  "minecraft:recipes/building_blocks/brown_stained_glass": {
    "criteria": {
      "has_glass": "2024-09-02 06:27:28 +0000"
    },
    "done": true
  },
  "securitycraft:recipes/building_blocks/reinforced_black_stained_glass_pane_from_glass": {
    "criteria": {
      "has_glass": "2024-09-02 06:26:40 +0000"
    },
    "done": true
  },
  "securitycraft:recipes/building_blocks/reinforced_red_stained_glass": {
    "criteria": {
      "has_glass": "2024-09-02 06:26:40 +0000"
    },
    "done": true
  },
  "minecraft:recipes/building_blocks/blue_stained_glass": {
    "criteria": {
      "has_glass": "2024-09-02 06:27:28 +0000"
    },
    "done": true
  },
  "stoneworks:recipes/building_blocks/basalt_tiles_from_basalt_stonecutting": {
    "criteria": {
      "has_basalt": "2024-09-02 06:28:57 +0000"
    },
    "done": true
  },
  "connectedglass:recipes/misc/borderless_glass_gray2": {
    "criteria": {
      "recipe_condition1": "2024-09-02 06:26:40 +0000"
    },
    "done": true
  },
  "stoneworks:recipes/building_blocks/mossy_basalt_bricks_from_basalt_stonecutting": {
    "criteria": {
      "has_basalt": "2024-09-02 06:28:57 +0000"
    },
    "done": true
  },
  "refurbished_furniture:recipes/misc/constructing/deepslate_stepping_stones": {
    "criteria": {
      "has_deepslate": "2024-09-02 06:28:58 +0000"
    },
    "done": true
  },
  "stoneworks:recipes/building_blocks/basalt_plate_stairs_from_basalt_stonecutting": {
    "criteria": {
      "has_basalt": "2024-09-02 06:28:57 +0000"
    },
    "done": true
  },
  "stoneworks:recipes/building_blocks/basalt_shingle_wall_from_basalt_stonecutting": {
    "criteria": {
      "has_basalt": "2024-09-02 06:28:57 +0000"
    },
    "done": true
  },
  "refurbished_furniture:recipes/misc/constructing/computer": {
    "criteria": {
      "has_glass": "2024-09-02 06:27:28 +0000"
    },
    "done": true
  },
  "variantvanillablocks:recipes/misc/crafting_table": {
    "criteria": {
      "has_the_recipe": "2024-09-02 06:24:51 +0000"
    },
    "done": true
  },
  "stoneworks:recipes/building_blocks/basalt_plate_slab_from_basalt_stonecutting": {
    "criteria": {
      "has_basalt": "2024-09-02 06:28:57 +0000"
    },
    "done": true
  },
  "stoneworks:recipes/building_blocks/basalt_brick_slab_from_basalt_stonecutting": {
    "criteria": {
      "has_basalt": "2024-09-02 06:28:57 +0000"
    },
    "done": true
  },
  "minecraft:recipes/decorations/painting": {
    "criteria": {
      "has_wool": "2024-09-02 06:30:55 +0000"
    },
    "done": true
  },
  "stoneworks:recipes/building_blocks/basalt_bricks_from_basalt_stonecutting": {
    "criteria": {
      "has_basalt": "2024-09-02 06:28:57 +0000"
    },
    "done": true
  },
  "securitycraft:recipes/building_blocks/reinforced_white_stained_glass_pane_from_glass": {
    "criteria": {
      "has_glass": "2024-09-02 06:26:40 +0000"
    },
    "done": true
  },
  "refurbished_furniture:recipes/misc/constructing/pink_sofa": {
    "criteria": {
      "has_white_wool": "2024-09-02 06:30:55 +0000"
    },
    "done": true
  },
  "minecraft:recipes/decorations/composter": {
    "criteria": {
      "has_spruce_slab": "2024-09-02 06:26:13 +0000"
    },
    "done": true
  },
  "refurbished_furniture:recipes/misc/constructing/brown_lamp": {
    "criteria": {
      "has_white_wool": "2024-09-02 06:30:55 +0000"
    },
    "done": true
  },
  "securitycraft:recipes/building_blocks/reinforced_white_stained_glass_pane_from_dye": {
    "criteria": {
      "has_glass": "2024-09-02 06:26:40 +0000"
    },
    "done": true
  },
  "stoneworks:recipes/building_blocks/mossy_cobbled_basalt_slab_from_basalt_stonecutting": {
    "criteria": {
      "has_basalt": "2024-09-02 06:28:57 +0000"
    },
    "done": true
  },
  "connectedglass:recipes/misc/borderless_glass_yellow2": {
    "criteria": {
      "recipe_condition1": "2024-09-02 06:26:40 +0000"
    },
    "done": true
  },
  "refurbished_furniture:recipes/misc/constructing/cherry_storage_jar": {
    "criteria": {
      "has_glass": "2024-09-02 06:27:28 +0000"
    },
    "done": true
  },
  "stoneworks:recipes/building_blocks/mossy_basalt_brick_stairs_from_basalt_stonecutting": {
    "criteria": {
      "has_basalt": "2024-09-02 06:28:57 +0000"
    },
    "done": true
  },
  "refurbished_furniture:recipes/misc/constructing/lime_sofa": {
    "criteria": {
      "has_white_wool": "2024-09-02 06:30:55 +0000"
    },
    "done": true
  },
  "stoneworks:recipes/building_blocks/deepslate_shingle_stairs_from_deepslate_stonecutting": {
    "criteria": {
      "has_deepslate": "2024-09-02 06:28:58 +0000"
    },
    "done": true
  },
  "securitycraft:recipes/building_blocks/reinforced_magenta_stained_glass_pane_from_dye": {
    "criteria": {
      "has_glass": "2024-09-02 06:26:40 +0000"
    },
    "done": true
  },
  "stoneworks:recipes/building_blocks/deepslate_paver_stairs_from_deepslate_stonecutting": {
    "criteria": {
      "has_deepslate": "2024-09-02 06:28:58 +0000"
    },
    "done": true
  },
  "stoneworks:recipes/building_blocks/basalt_brick_wall_from_basalt_stonecutting": {
    "criteria": {
      "has_basalt": "2024-09-02 06:28:57 +0000"
    },
    "done": true
  },
  "securitycraft:recipes/building_blocks/reinforced_cyan_stained_glass_pane_from_dye": {
    "criteria": {
      "has_glass": "2024-09-02 06:26:41 +0000"
    },
    "done": true
  },
  "minecraft:recipes/building_blocks/lime_stained_glass": {
    "criteria": {
      "has_glass": "2024-09-02 06:27:28 +0000"
    },
    "done": true
  },
  "stoneworks:recipes/building_blocks/deepslate_pillar_from_deepslate_stonecutting": {
    "criteria": {
      "has_deepslate": "2024-09-02 06:28:58 +0000"
    },
    "done": true
  },
  "stoneworks:recipes/building_blocks/deepslate_shingles_from_deepslate_stonecutting": {
    "criteria": {
      "has_deepslate": "2024-09-02 06:28:58 +0000"
    },
    "done": true
  },
  "stoneworks:recipes/building_blocks/basalt_plate_wall_from_basalt_stonecutting": {
    "criteria": {
      "has_basalt": "2024-09-02 06:28:57 +0000"
    },
    "done": true
  },
  "securitycraft:recipes/building_blocks/reinforced_gray_stained_glass": {
    "criteria": {
      "has_glass": "2024-09-02 06:26:40 +0000"
    },
    "done": true
  },
  "minecraft:recipes/transportation/spruce_boat": {
    "criteria": {
      "in_water": "2024-09-02 06:30:09 +0000"
    },
    "done": true
  },
  "refurbished_furniture:recipes/misc/constructing/brown_sofa": {
    "criteria": {
      "has_white_wool": "2024-09-02 06:30:55 +0000"
    },
    "done": true
  },
  "connectedglass:recipes/misc/borderless_glass_purple2": {
    "criteria": {
      "recipe_condition1": "2024-09-02 06:26:40 +0000"
    },
    "done": true
  },
  "minecraft:recipes/transportation/birch_boat": {
    "criteria": {
      "in_water": "2024-09-02 06:30:09 +0000"
    },
    "done": true
  },
  "refurbished_furniture:recipes/misc/constructing/light_blue_lamp": {
    "criteria": {
      "has_white_wool": "2024-09-02 06:30:55 +0000"
    },
    "done": true
  },
  "stoneworks:recipes/building_blocks/mossy_cobbled_deepslate_wall_from_deepslate_stonecutting": {
    "criteria": {
      "has_deepslate": "2024-09-02 06:28:58 +0000"
    },
    "done": true
  },
  "minecraft:recipes/decorations/white_carpet": {
    "criteria": {
      "has_white_wool": "2024-09-02 06:30:55 +0000"
    },
    "done": true
  },
  "refurbished_furniture:recipes/misc/constructing/blue_sofa": {
    "criteria": {
      "has_white_wool": "2024-09-02 06:30:55 +0000"
    },
    "done": true
  },
  "minecraft:recipes/decorations/glass_pane": {
    "criteria": {
      "has_glass": "2024-09-02 06:27:28 +0000"
    },
    "done": true
  },
  "minecraft:recipes/building_blocks/magenta_stained_glass": {
    "criteria": {
      "has_glass": "2024-09-02 06:27:28 +0000"
    },
    "done": true
  },
  "minecraft:recipes/transportation/oak_boat": {
    "criteria": {
      "in_water": "2024-09-02 06:30:09 +0000"
    },
    "done": true
  },
  "connectedglass:recipes/misc/borderless_glass_green2": {
    "criteria": {
      "recipe_condition1": "2024-09-02 06:26:41 +0000"
    },
    "done": true
  },
  "stoneworks:recipes/building_blocks/deepslate_plate_slab_from_deepslate_stonecutting": {
    "criteria": {
      "has_deepslate": "2024-09-02 06:28:58 +0000"
    },
    "done": true
  },
  "refurbished_furniture:recipes/misc/constructing/light_blue_stool": {
    "criteria": {
      "has_white_wool": "2024-09-02 06:30:55 +0000"
    },
    "done": true
  },
  "minecraft:recipes/building_blocks/white_stained_glass": {
    "criteria": {
      "has_glass": "2024-09-02 06:27:28 +0000"
    },
    "done": true
  },
  "securitycraft:recipes/building_blocks/reinforced_pink_stained_glass_pane_from_glass": {
    "criteria": {
      "has_glass": "2024-09-02 06:26:40 +0000"
    },
    "done": true
  },
  "stoneworks:recipes/building_blocks/cracked_basalt_bricks_from_basalt_stonecutting": {
    "criteria": {
      "has_basalt": "2024-09-02 06:28:57 +0000"
    },
    "done": true
  },
  "stoneworks:recipes/building_blocks/deepslate_plates_from_deepslate_stonecutting": {
    "criteria": {
      "has_deepslate": "2024-09-02 06:28:58 +0000"
    },
    "done": true
  },
  "securitycraft:recipes/building_blocks/reinforced_brown_stained_glass": {
    "criteria": {
      "has_glass": "2024-09-02 06:26:40 +0000"
    },
    "done": true
  },
  "securitycraft:recipes/building_blocks/reinforced_orange_stained_glass_pane_from_dye": {
    "criteria": {
      "has_glass": "2024-09-02 06:26:40 +0000"
    },
    "done": true
  },
  "stoneworks:recipes/building_blocks/mossy_cobbled_deepslate_stairs_from_deepslate_stonecutting": {
    "criteria": {
      "has_deepslate": "2024-09-02 06:28:58 +0000"
    },
    "done": true
  },
  "refurbished_furniture:recipes/misc/constructing/blue_lamp": {
    "criteria": {
      "has_white_wool": "2024-09-02 06:30:55 +0000"
    },
    "done": true
  },
  "refurbished_furniture:recipes/misc/constructing/red_stool": {
    "criteria": {
      "has_white_wool": "2024-09-02 06:30:55 +0000"
    },
    "done": true
  },
  "minecraft:recipes/transportation/mangrove_boat": {
    "criteria": {
      "in_water": "2024-09-02 06:30:09 +0000"
    },
    "done": true
  },
  "stoneworks:recipes/building_blocks/cobbled_basalt_stairs_from_basalt_stonecutting": {
    "criteria": {
      "has_basalt": "2024-09-02 06:28:57 +0000"
    },
    "done": true
  },
  "connectedglass:recipes/misc/borderless_glass_pink2": {
    "criteria": {
      "recipe_condition1": "2024-09-02 06:26:40 +0000"
    },
    "done": true
  },
  "refurbished_furniture:recipes/misc/constructing/television": {
    "criteria": {
      "has_glass": "2024-09-02 06:27:28 +0000"
    },
    "done": true
  },
  "minecraft:recipes/brewing/glass_bottle": {
    "criteria": {
      "has_glass": "2024-09-02 06:27:28 +0000"
    },
    "done": true
  },
  "refurbished_furniture:recipes/misc/constructing/gray_lamp": {
    "criteria": {
      "has_white_wool": "2024-09-02 06:30:55 +0000"
    },
    "done": true
  },
  "stoneworks:recipes/building_blocks/cobbled_basalt_wall_from_basalt_stonecutting": {
    "criteria": {
      "has_basalt": "2024-09-02 06:28:57 +0000"
    },
    "done": true
  },
  "stoneworks:recipes/building_blocks/deepslate_shingle_slab_from_deepslate_stonecutting": {
    "criteria": {
      "has_deepslate": "2024-09-02 06:28:58 +0000"
    },
    "done": true
  },
  "refurbished_furniture:recipes/misc/constructing/light_blue_sofa": {
    "criteria": {
      "has_white_wool": "2024-09-02 06:30:55 +0000"
    },
    "done": true
  },
  "refurbished_furniture:recipes/misc/constructing/black_sofa": {
    "criteria": {
      "has_white_wool": "2024-09-02 06:30:55 +0000"
    },
    "done": true
  },
  "securitycraft:recipes/building_blocks/reinforced_pink_stained_glass_pane_from_dye": {
    "criteria": {
      "has_glass": "2024-09-02 06:26:40 +0000"
    },
    "done": true
  },
  "refurbished_furniture:recipes/misc/constructing/purple_sofa": {
    "criteria": {
      "has_white_wool": "2024-09-02 06:30:55 +0000"
    },
    "done": true
  },
  "minecraft:recipes/tools/flint_and_steel": {
    "criteria": {
      "has_obsidian": "2024-09-02 06:28:52 +0000"
    },
    "done": true
  },
  "minecraft:recipes/decorations/white_banner": {
    "criteria": {
      "has_white_wool": "2024-09-02 06:30:55 +0000"
    },
    "done": true
  },
  "connectedglass:recipes/misc/borderless_glass_lime2": {
    "criteria": {
      "recipe_condition1": "2024-09-02 06:26:40 +0000"
    },
    "done": true
  },
  "stoneworks:recipes/building_blocks/mossy_deepslate_brick_slab_from_deepslate_stonecutting": {
    "criteria": {
      "has_deepslate": "2024-09-02 06:28:58 +0000"
    },
    "done": true
  },
  "stoneworks:recipes/building_blocks/basalt_plates_from_basalt_stonecutting": {
    "criteria": {
      "has_basalt": "2024-09-02 06:28:57 +0000"
    },
    "done": true
  },
  "securitycraft:recipes/building_blocks/reinforced_orange_stained_glass_pane_from_glass": {
    "criteria": {
      "has_glass": "2024-09-02 06:26:40 +0000"
    },
    "done": true
  },
  "stoneworks:recipes/building_blocks/basalt_paver_wall_from_basalt_stonecutting": {
    "criteria": {
      "has_basalt": "2024-09-02 06:28:57 +0000"
    },
    "done": true
  },
  "refurbished_furniture:recipes/misc/constructing/light_gray_stool": {
    "criteria": {
      "has_white_wool": "2024-09-02 06:30:55 +0000"
    },
    "done": true
  },
  "connectedglass:recipes/misc/borderless_glass_magenta2": {
    "criteria": {
      "recipe_condition1": "2024-09-02 06:26:40 +0000"
    },
    "done": true
  },
  "stoneworks:recipes/building_blocks/cracked_basalt_tiles_from_basalt_stonecutting": {
    "criteria": {
      "has_basalt": "2024-09-02 06:28:57 +0000"
    },
    "done": true
  },
  "refurbished_furniture:recipes/misc/constructing/white_stool": {
    "criteria": {
      "has_white_wool": "2024-09-02 06:30:55 +0000"
    },
    "done": true
  },
  "securitycraft:recipes/building_blocks/reinforced_cyan_stained_glass_pane_from_glass": {
    "criteria": {
      "has_glass": "2024-09-02 06:26:40 +0000"
    },
    "done": true
  },
  "connectedglass:recipes/misc/borderless_glass_pane3": {
    "criteria": {
      "recipe_condition": "2024-09-02 06:26:40 +0000"
    },
    "done": true
  },
  "refurbished_furniture:recipes/misc/constructing/yellow_stool": {
    "criteria": {
      "has_white_wool": "2024-09-02 06:30:55 +0000"
    },
    "done": true
  },
  "refurbished_furniture:recipes/misc/constructing/black_lamp": {
    "criteria": {
      "has_white_wool": "2024-09-02 06:30:55 +0000"
    },
    "done": true
  },
  "stoneworks:recipes/building_blocks/mossy_cobbled_basalt_stairs_from_basalt_stonecutting": {
    "criteria": {
      "has_basalt": "2024-09-02 06:28:57 +0000"
    },
    "done": true
  },
  "minecraft:recipes/building_blocks/purple_stained_glass": {
    "criteria": {
      "has_glass": "2024-09-02 06:27:28 +0000"
    },
    "done": true
  },
  "securitycraft:recipes/building_blocks/reinforced_light_gray_stained_glass_pane_from_dye": {
    "criteria": {
      "has_glass": "2024-09-02 06:26:40 +0000"
    },
    "done": true
  },
  "minecraft:recipes/building_blocks/yellow_stained_glass": {
    "criteria": {
      "has_glass": "2024-09-02 06:27:28 +0000"
    },
    "done": true
  },
  "connectedglass:recipes/misc/borderless_glass_brown2": {
    "criteria": {
      "recipe_condition1": "2024-09-02 06:26:41 +0000"
    },
    "done": true
  },
  "refurbished_furniture:recipes/misc/constructing/pink_lamp": {
    "criteria": {
      "has_white_wool": "2024-09-02 06:30:55 +0000"
    },
    "done": true
  },
  "stoneworks:recipes/building_blocks/deepslate_paver_slab_from_deepslate_stonecutting": {
    "criteria": {
      "has_deepslate": "2024-09-02 06:28:58 +0000"
    },
    "done": true
  },
  "minecraft:recipes/building_blocks/polished_basalt_from_basalt_stonecutting": {
    "criteria": {
      "has_basalt": "2024-09-02 06:28:57 +0000"
    },
    "done": true
  },
  "refurbished_furniture:recipes/misc/constructing/gray_stool": {
    "criteria": {
      "has_white_wool": "2024-09-02 06:30:55 +0000"
    },
    "done": true
  },
  "stoneworks:recipes/building_blocks/mossy_basalt_brick_wall_from_basalt_stonecutting": {
    "criteria": {
      "has_basalt": "2024-09-02 06:28:57 +0000"
    },
    "done": true
  },
  "stoneworks:recipes/building_blocks/deepslate_plate_stairs_from_deepslate_stonecutting": {
    "criteria": {
      "has_deepslate": "2024-09-02 06:28:58 +0000"
    },
    "done": true
  },
  "refurbished_furniture:recipes/misc/constructing/white_sofa": {
    "criteria": {
      "has_white_wool": "2024-09-02 06:30:55 +0000"
    },
    "done": true
  },
  "connectedglass:recipes/misc/borderless_glass_cyan2": {
    "criteria": {
      "recipe_condition1": "2024-09-02 06:26:40 +0000"
    },
    "done": true
  },
  "minecraft:adventure/adventuring_time": {
    "criteria": {
      "minecraft:river": "2024-09-02 06:30:28 +0000",
      "minecraft:forest": "2024-09-02 06:30:26 +0000",
      "minecraft:ocean": "2024-09-02 06:30:10 +0000",
      "minecraft:windswept_savanna": "2024-09-02 06:24:54 +0000",
      "minecraft:plains": "2024-09-02 06:31:04 +0000"
    },
    "done": false
  },
  "securitycraft:recipes/building_blocks/reinforced_yellow_stained_glass_pane_from_dye": {
    "criteria": {
      "has_glass": "2024-09-02 06:26:41 +0000"
    },
    "done": true
  },
  "securitycraft:recipes/building_blocks/reinforced_lime_stained_glass_pane_from_dye": {
    "criteria": {
      "has_glass": "2024-09-02 06:26:41 +0000"
    },
    "done": true
  },
  "refurbished_furniture:recipes/misc/constructing/cyan_sofa": {
    "criteria": {
      "has_white_wool": "2024-09-02 06:30:55 +0000"
    },
    "done": true
  },
  "securitycraft:recipes/building_blocks/reinforced_light_blue_stained_glass": {
    "criteria": {
      "has_glass": "2024-09-02 06:26:40 +0000"
    },
    "done": true
  },
  "refurbished_furniture:recipes/misc/constructing/black_stool": {
    "criteria": {
      "has_white_wool": "2024-09-02 06:30:55 +0000"
    },
    "done": true
  },
  "stoneworks:recipes/building_blocks/mossy_cobbled_basalt_wall_from_basalt_stonecutting": {
    "criteria": {
      "has_basalt": "2024-09-02 06:28:57 +0000"
    },
    "done": true
  },
  "minecraft:recipes/decorations/enchanting_table": {
    "criteria": {
      "has_obsidian": "2024-09-02 06:28:52 +0000"
    },
    "done": true
  },
  "securitycraft:recipes/building_blocks/reinforced_gray_stained_glass_pane_from_dye": {
    "criteria": {
      "has_glass": "2024-09-02 06:26:40 +0000"
    },
    "done": true
  },
  "securitycraft:recipes/building_blocks/reinforced_pink_stained_glass": {
    "criteria": {
      "has_glass": "2024-09-02 06:26:40 +0000"
    },
    "done": true
  },
  "stoneworks:recipes/building_blocks/mossy_cobbled_basalt_from_basalt_stonecutting": {
    "criteria": {
      "has_basalt": "2024-09-02 06:28:57 +0000"
    },
    "done": true
  },
  "stoneworks:recipes/building_blocks/deepslate_pavers_from_deepslate_stonecutting": {
    "criteria": {
      "has_deepslate": "2024-09-02 06:28:58 +0000"
    },
    "done": true
  },
  "refurbished_furniture:recipes/misc/constructing/cyan_lamp": {
    "criteria": {
      "has_white_wool": "2024-09-02 06:30:55 +0000"
    },
    "done": true
  },
  "stoneworks:recipes/building_blocks/mossy_cobbled_deepslate_from_deepslate_stonecutting": {
    "criteria": {
      "has_deepslate": "2024-09-02 06:28:58 +0000"
    },
    "done": true
  },
  "refurbished_furniture:recipes/misc/constructing/gray_sofa": {
    "criteria": {
      "has_white_wool": "2024-09-02 06:30:55 +0000"
    },
    "done": true
  },
  "connectedglass:recipes/misc/clear_glass1": {
    "criteria": {
      "recipe_condition": "2024-09-02 06:26:40 +0000"
    },
    "done": true
  },
  "refurbished_furniture:recipes/misc/constructing/purple_lamp": {
    "criteria": {
      "has_white_wool": "2024-09-02 06:30:55 +0000"
    },
    "done": true
  },
  "minecraft:recipes/transportation/dark_oak_boat": {
    "criteria": {
      "in_water": "2024-09-02 06:30:09 +0000"
    },
    "done": true
  },
  "securitycraft:recipes/building_blocks/reinforced_magenta_stained_glass_pane_from_glass": {
    "criteria": {
      "has_glass": "2024-09-02 06:26:41 +0000"
    },
    "done": true
  },
  "securitycraft:recipes/building_blocks/reinforced_brown_stained_glass_pane_from_glass": {
    "criteria": {
      "has_glass": "2024-09-02 06:26:40 +0000"
    },
    "done": true
  },
  "refurbished_furniture:recipes/misc/constructing/pink_stool": {
    "criteria": {
      "has_white_wool": "2024-09-02 06:30:55 +0000"
    },
    "done": true
  },
  "DataVersion": 3465
}